Id,Artnamn,Vetenskapligt namn,Antal,Ålder-Stadium,Kön,Aktivitet,Ost,Nord,Startdatum,Slutdatum,Publik kommentar,Biotop-beskrivning
127692488,Rovfjäril,Pieris rapae,4,imago/adult, , ,1504020,6227110,2025-08-18,2025-08-18,,
127098958,Rovfjäril,Pieris rapae,1,imago/adult, ,födosökande,1501230,6224270,2025-07-23,2025-07-23,,
127090147,Rovfjäril,Pieris rapae,1,imago/adult, , ,1588888,6618926,2025-07-20,2025-07-20,,
128028742,Rovfjäril,Pieris rapae,2,imago/adult, ,friflygande,1501230,6224270,2025-08-28,2025-08-28,,
126896586,Rovfjäril,Pieris rapae,1,imago/adult, ,friflygande,1453590,6600280,2025-07-24,2025-07-24,,
125704437,Rovfjäril,Pieris rapae,2, , , ,1627788,6589610,2025-05-19,2025-05-19,,
128859151,Rovfjäril,Pieris rapae,4, , ,födosökande,1304271,6260722,2025-10-01,2025-10-01,,
125675381,Rovfjäril,Pieris rapae,2, , ,friflygande,1315529,6244088,2025-05-26,2025-05-26,,
127330226,Rovfjäril,Pieris rapae,noterad, , ,födosökande,1317546,6239373,2025-08-08,2025-08-08,,
128348225,Rovfjäril,Pieris rapae,10, , ,friflygande,1390272,6141401,2025-09-08,2025-09-08,,
124745405,Rovfjäril,Pieris rapae,2,imago/adult, ,friflygande,1315080,6235687,2025-05-01,2025-05-01,,
128424571,Rovfjäril,Pieris rapae,6, , ,friflygande,1308844,6264347,2025-09-13,2025-09-13,,
127422667,Rovfjäril,Pieris rapae,2, , ,friflygande,1403538,6201723,2025-07-18,2025-07-18,,
127632412,Rovfjäril,Pieris rapae,3, , ,parning/parningsceremonier,1398782,6223265,2025-07-18,2025-07-18,,
127498767,Rovfjäril,Pieris rapae,2, , , ,1330922,6244851,2025-08-13,2025-08-13,,
124744804,Rovfjäril,Pieris rapae,2,imago/adult, ,friflygande,1316437,6237382,2025-05-01,2025-05-01,,
128348165,Rovfjäril,Pieris rapae,10, , ,friflygande,1389530,6141430,2025-09-08,2025-09-08,,
124723957,Rovfjäril,Pieris rapae,1,imago/adult, ,friflygande,1623660,6536920,2025-05-03,2025-05-03,,
127422916,Rovfjäril,Pieris rapae,1, ,hane,födosökande,1735718,7335178,2025-08-12,2025-08-12,,
127609453,Rovfjäril,Pieris rapae,1,imago/adult,hane, ,1729937,7084568,2025-08-14,2025-08-14,,
126818052,Rovfjäril,Pieris rapae,1,imago/adult, , ,1482463,6579122,2025-07-21,2025-07-21,,
126840745,Rovfjäril,Pieris rapae,2,imago/adult, , ,1482559,6579725,2025-07-22,2025-07-22,,
126842099,Rovfjäril,Pieris rapae,3,imago/adult, , ,1482463,6579122,2025-07-22,2025-07-22,,
127003723,Rovfjäril,Pieris rapae,1,imago/adult, , ,1482463,6579122,2025-07-26,2025-07-26,,
130248378,Rovfjäril,Pieris rapae,1,imago/adult,,friflygande,1535546,6631971,2025-08-12,2025-08-12,,
125575548,Rovfjäril,Pieris rapae,1, , , ,1311568,6317437,2025-05-31,2025-05-31,,
127052751,Rovfjäril,Pieris rapae,1, , , ,1297349,6313979,2025-07-28,2025-07-28,,
127108054,Rovfjäril,Pieris rapae,2, , , ,1297349,6313979,2025-08-02,2025-08-02,,
125811092,Rovfjäril,Pieris rapae,noterad, , , ,1372270,6589823,2025-06-08,2025-06-08,,
126100925,Rovfjäril,Pieris rapae,1,imago/adult, ,födosökande,1473820,6549490,2025-06-20,2025-06-20,,
128282603,Rovfjäril,Pieris rapae,1,imago/adult, , ,1623305,6533302,2025-09-07,2025-09-07,,
128634745,Rovfjäril,Pieris rapae,1,imago/adult, , ,1623305,6533302,2025-09-23,2025-09-23,,
125515059,Rovfjäril,Pieris rapae,2,imago/adult, ,friflygande,1607174,6665453,2025-05-29,2025-05-29,,
124469170,Rovfjäril,Pieris rapae,1,imago/adult, ,friflygande,1624848,6587266,2025-04-26,2025-04-26,,
127128735,Rovfjäril,Pieris rapae,6,imago/adult, ,födosökande,1593213,6625236,2025-08-03,2025-08-03,,
128289552,Rovfjäril,Pieris rapae,noterad,imago/adult, ,födosökande,1324110,6225890,2025-09-06,2025-09-06,,
127162044,Rovfjäril,Pieris rapae,5,imago/adult, ,födosökande,1315380,6208300,2025-08-04,2025-08-04,,
129567183,Rovfjäril,Pieris rapae,1, , ,friflygande,1321571,6221307,2025-11-06,2025-11-06,,
126726285,Rovfjäril,Pieris rapae,noterad,imago/adult, , ,1334200,6226920,2025-07-17,2025-07-17,,
123556118,Rovfjäril,Pieris rapae,1,imago/adult, ,födosökande,1330200,6227730,2025-03-28,2025-03-28,PÅ vårlök och svalört,
126556425,Rovfjäril,Pieris rapae,noterad,imago/adult, ,födosökande,1342300,6211620,2025-07-09,2025-07-09,,
126797684,Rovfjäril,Pieris rapae,noterad,imago/adult, ,födosökande,1320647,6222028,2025-07-20,2025-07-20,,
127231734,Rovfjäril,Pieris rapae,10,imago/adult, , ,1320621,6221548,2025-08-05,2025-08-05,,
127016804,Rovfjäril,Pieris rapae,noterad,imago/adult, ,födosökande,1348300,6216620,2025-07-29,2025-07-29,,
127607000,Rovfjäril,Pieris rapae,noterad,imago/adult, ,födosökande,1313514,6210440,2025-08-15,2025-08-15,,
127820280,Rovfjäril,Pieris rapae,15,imago/adult, , ,1300190,6227282,2025-08-25,2025-08-25,,
126938815,Rovfjäril,Pieris rapae,noterad,imago/adult, , ,1252703,6405621,2025-07-26,2025-07-26,,
126938887,Rovfjäril,Pieris rapae,noterad,imago/adult, , ,1252591,6405768,2025-07-26,2025-07-26,,
126939009,Rovfjäril,Pieris rapae,noterad,imago/adult, , ,1252702,6407230,2025-07-26,2025-07-26,,
125635407,Rovfjäril,Pieris rapae,1,imago/adult,hona,friflygande,1548810,6602670,2025-06-02,2025-06-02,Två svarta prickar på vingarnas ovansida gör att det bör ha varit en hona. Besökte bland annat blommande stäppsalvia. ,Blomrabatt på vår tomt
127054378,Rovfjäril,Pieris rapae,2,imago/adult, ,födosökande,1548810,6602670,2025-07-31,2025-07-31,På kungsmynta,"Tomtmark, på kungsmynta"
126937015,Rovfjäril,Pieris rapae,1,imago/adult, ,födosökande,1548810,6602670,2025-07-26,2025-07-26,På kungsmynta,"Tomtmark, på kungsmynta"
127762580,Rovfjäril,Pieris rapae,1,imago/adult, ,födosökande,1548810,6602670,2025-08-23,2025-08-23,,"Tomtmark, på anisisop"
126958324,Rovfjäril,Pieris rapae,1,imago/adult, ,friflygande,1548810,6602670,2025-07-27,2025-07-27,"Influgen i huset, infångad och utsläppt",Inomhus
126908734,Rovfjäril,Pieris rapae,3,imago/adult, ,födosökande,1548810,6602670,2025-07-25,2025-07-25,På kungsmynta,Tomtmark
125107002,Rovfjäril,Pieris rapae,1,imago/adult, ,födosökande,1466709,6569804,2025-05-15,2025-05-15,,
128694531,Rovfjäril,Pieris rapae,1,imago/adult, ,friflygande,1300021,6227500,2025-09-25,2025-09-25,,
128315552,Rovfjäril,Pieris rapae,1,imago/adult, ,födosökande,1310192,6142739,2025-09-06,2025-09-06,,
126925293,Rovfjäril,Pieris rapae,1,imago/adult, ,födosökande,1485357,6482619,2025-07-26,2025-07-26,,
128356868,Rovfjäril,Pieris rapae,noterad, , , ,1390370,6141388,2025-09-10,2025-09-10,,
128355403,Rovfjäril,Pieris rapae,noterad, , , ,1389531,6141436,2025-09-10,2025-09-10,,
128381032,Rovfjäril,Pieris rapae,1,imago/adult, ,friflygande,1541320,6293960,2025-09-08,2025-09-08,,
126974883,Rovfjäril,Pieris rapae,5,imago/adult, ,friflygande,1324658,6182577,2025-07-28,2025-07-28,minst,
126976009,Rovfjäril,Pieris rapae,5,imago/adult, ,friflygande,1324751,6182330,2025-07-28,2025-07-28,minst,
127832275,Rovfjäril,Pieris rapae,1,imago/adult, , ,1569004,6584879,2025-08-26,2025-08-26,,
126759886,Rovfjäril,Pieris rapae,1,imago/adult,,,1577320,6588539,2025-07-19,2025-07-19,,
124492037,Rovfjäril,Pieris rapae,1, ,hane,födosökande,1599990,6631990,2025-04-24,2025-04-24,På Maskros,
126814471,Rovfjäril,Pieris rapae,noterad,imago/adult, , ,1446420,6394090,2025-07-21,2025-07-21,,
127644241,Rovfjäril,Pieris rapae,1,imago/adult, ,friflygande,1258625,6415140,2025-08-17,2025-08-17,minst 1 ex,
126807057,Rovfjäril,Pieris rapae,1,imago/adult, ,födosökande,1268900,6408740,2025-07-21,2025-07-21,på åkertistel,
126857367,Rovfjäril,Pieris rapae,1,imago/adult, ,friflygande,1257100,6407700,2025-07-23,2025-07-23,,
128373957,Rovfjäril,Pieris rapae,1,imago/adult, ,friflygande,1264042,6400697,2025-09-10,2025-09-10,,
127008025,Rovfjäril,Pieris rapae,1,imago/adult, ,friflygande,1268900,6408740,2025-07-29,2025-07-29,minst 1 ex,
127294526,Rovfjäril,Pieris rapae,1,imago/adult, ,friflygande,1266320,6415830,2025-08-07,2025-08-07,,
127073188,Rovfjäril,Pieris rapae,1,imago/adult, ,födosökande,1265420,6408840,2025-08-01,2025-08-01,,
126910811,Rovfjäril,Pieris rapae,1,imago/adult, ,friflygande,1257100,6407700,2025-07-25,2025-07-25,,
128207830,Rovfjäril,Pieris rapae,1,imago/adult, ,friflygande,1261797,6409808,2025-09-04,2025-09-04,,
127662338,Rovfjäril,Pieris rapae,1,imago/adult, ,friflygande,1261797,6409808,2025-08-18,2025-08-18,på ängen med stora bestånd av ängsvädd,
127943021,Rovfjäril,Pieris rapae,1,,,,1639460,6376950,2025-08-24,2025-08-24,,
127942985,Rovfjäril,Pieris rapae,2,,,,1639460,6376950,2025-08-25,2025-08-25,,
127943126,Rovfjäril,Pieris rapae,2,,,,1639460,6376950,2025-08-19,2025-08-19,,
128480248,Rovfjäril,Pieris rapae,2,,,,1639460,6376950,2025-09-05,2025-09-05,,
128187526,Rovfjäril,Pieris rapae,2,,,,1639460,6376950,2025-09-03,2025-09-03,,
128134735,Rovfjäril,Pieris rapae,4,,,,1639460,6376950,2025-08-28,2025-08-28,,
128480301,Rovfjäril,Pieris rapae,4,,,,1639460,6376950,2025-09-04,2025-09-04,,
128480125,Rovfjäril,Pieris rapae,2,,,,1639460,6376950,2025-09-09,2025-09-09,,
127947319,Rovfjäril,Pieris rapae,1,,,,1639460,6376950,2025-08-27,2025-08-27,,
126596948,Rovfjäril,Pieris rapae,3,imago/adult, ,friflygande,1477510,6432610,2025-07-09,2025-07-09,,
128074753,Rovfjäril,Pieris rapae,1,imago/adult, ,födosökande,1477510,6432610,2025-08-28,2025-08-28,,
126859161,Rovfjäril,Pieris rapae,4,imago/adult, ,födosökande,1477510,6432610,2025-07-17,2025-07-17,,
128692557,Rovfjäril,Pieris rapae,1,imago/adult, ,friflygande,1477510,6432610,2025-09-21,2025-09-21,,
126860531,Rovfjäril,Pieris rapae,3,imago/adult, ,födosökande,1485370,6477020,2025-07-22,2025-07-22,,
127714875,Rovfjäril,Pieris rapae,30,imago/adult, ,födosökande,1279492,6353084,2025-08-21,2025-08-21,,
124780479,Rovfjäril,Pieris rapae,1,imago/adult, ,födosökande,1279492,6353084,2025-05-01,2025-05-01,,
126452062,Rovfjäril,Pieris rapae,10,imago/adult, ,friflygande,1279492,6353084,2025-07-06,2025-07-06,,
128074755,Rovfjäril,Pieris rapae,10,imago/adult, ,födosökande,1279492,6353084,2025-08-30,2025-08-30,,
124638465,Rovfjäril,Pieris rapae,1,,,,1312300,6236388,2025-05-01,2025-05-01,,
128215310,Rovfjäril,Pieris rapae,1,,,,1337641,6238332,2025-09-04,2025-09-04,,
124370199,Rovfjäril,Pieris rapae,10,,,,1357316,6176994,2025-04-23,2025-04-23,,
126611910,Rovfjäril,Pieris rapae,1,,,,1335648,6240256,2025-07-12,2025-07-12,,
124507297,Rovfjäril,Pieris rapae,1,,,,1337313,6242075,2025-04-27,2025-04-27,,
125665352,Rovfjäril,Pieris rapae,1,,,,1326086,6252822,2025-06-03,2025-06-03,,
125241404,Rovfjäril,Pieris rapae,3,,,,1310516,6237605,2025-05-19,2025-05-19,,
127032756,Rovfjäril,Pieris rapae,2,,,,1337641,6238332,2025-07-30,2025-07-30,,
126862101,Rovfjäril,Pieris rapae,1,,,,1337641,6238332,2025-07-23,2025-07-23,,
125554932,Rovfjäril,Pieris rapae,2,,,,1337641,6238332,2025-05-29,2025-05-29,,
127082767,Rovfjäril,Pieris rapae,4,,,,1296592,6240873,2025-08-01,2025-08-01,,
127450147,Rovfjäril,Pieris rapae,noterad,,,,1491239,6248940,2025-08-13,2025-08-13,,
125096016,Rovfjäril,Pieris rapae,noterad,,,,1491239,6248940,2025-05-14,2025-05-14,,
127633012,Rovfjäril,Pieris rapae,1,imago/adult, ,födosökande,1526338,6344318,2025-08-16,2025-08-16,,
127660790,Rovfjäril,Pieris rapae,1,imago/adult, ,födosökande,1527297,6358187,2025-08-18,2025-08-18,,
126540194,Rovfjäril,Pieris rapae,noterad,imago/adult, ,födosökande,1520430,6353240,2025-07-09,2025-07-09,,
127173105,Rovfjäril,Pieris rapae,1,imago/adult, ,födosökande,1510299,6348686,2025-08-05,2025-08-05,,
127048810,Rovfjäril,Pieris rapae,1,imago/adult, ,födosökande,1520622,6347007,2025-07-31,2025-07-31,,
126626302,Rovfjäril,Pieris rapae,1,imago/adult, , ,1263790,6439040,2025-07-11,2025-07-11,,
129099010,Rovfjäril,Pieris rapae,2,imago/adult, ,friflygande,1350290,6140060,2025-10-13,2025-10-13,,
128504818,Rovfjäril,Pieris rapae,1,imago/adult, ,vilande,1335709,6150094,2025-09-17,2025-09-17,,
126782898,Rovfjäril,Pieris rapae,noterad,imago/adult, ,friflygande,1348785,6164990,2025-07-19,2025-07-19,,
128520167,Rovfjäril,Pieris rapae,2,imago/adult, ,födosökande,1335709,6150094,2025-09-18,2025-09-18,,
128920078,Rovfjäril,Pieris rapae,1,imago/adult, ,vilande,1335380,6149437,2025-10-05,2025-10-05,I mindre luzernfält. ,
126716977,Rovfjäril,Pieris rapae,1,imago/adult, ,födosökande,1335740,6150075,2025-07-17,2025-07-17,,
126535883,Rovfjäril,Pieris rapae,1,imago/adult, ,födosökande,1335709,6150094,2025-07-09,2025-07-09,,
126494462,Rovfjäril,Pieris rapae,1,imago/adult, ,födosökande,1335709,6150094,2025-07-07,2025-07-07,,
126612040,Rovfjäril,Pieris rapae,2,imago/adult, ,födosökande,1335709,6150094,2025-07-12,2025-07-12,,
128410577,Rovfjäril,Pieris rapae,1,imago/adult, ,födosökande,1335709,6150094,2025-09-13,2025-09-13,,
128378553,Rovfjäril,Pieris rapae,1,imago/adult, ,födosökande,1335709,6150094,2025-09-11,2025-09-11,,
128504825,Rovfjäril,Pieris rapae,6,imago/adult, ,friflygande,1335740,6150075,2025-09-17,2025-09-17,Inkl. parningsförsök.,
127748908,Rovfjäril,Pieris rapae,noterad,imago/adult, ,friflygande,1486277,6246133,2025-08-18,2025-08-18,,
126754830,Rovfjäril,Pieris rapae,1,imago/adult, , ,1465780,6608050,2025-07-18,2025-07-18,,
126754829,Rovfjäril,Pieris rapae,1,imago/adult, , ,1466111,6607738,2025-07-18,2025-07-18,,
128666718,Rovfjäril,Pieris rapae,1,imago/adult, , ,1465780,6608050,2025-09-23,2025-09-23,,
126753838,Rovfjäril,Pieris rapae,noterad,imago/adult, ,friflygande,1261083,6403980,2025-07-18,2025-07-18,,
126798481,Rovfjäril,Pieris rapae,noterad,imago/adult, ,friflygande,1270451,6391517,2025-07-20,2025-07-20,,
126774360,Rovfjäril,Pieris rapae,1,imago/adult, ,friflygande,1260842,6403786,2025-07-19,2025-07-19,,
126969620,Rovfjäril,Pieris rapae,noterad,imago/adult, ,friflygande,1269603,6417725,2025-07-27,2025-07-27,,
127632438,Rovfjäril,Pieris rapae,2,imago/adult, ,friflygande,1264769,6409854,2025-07-26,2025-07-26,,
128319173,Rovfjäril,Pieris rapae,1,imago/adult, ,friflygande,1281483,6418061,2025-07-19,2025-07-19,,
128364607,Rovfjäril,Pieris rapae,noterad,imago/adult, ,friflygande,1261475,6405296,2025-07-18,2025-07-18,,
127712209,Rovfjäril,Pieris rapae,noterad,imago/adult, ,friflygande,1260264,6404515,2025-08-16,2025-08-16,,
126799083,Rovfjäril,Pieris rapae,noterad,imago/adult, ,friflygande,1271036,6390936,2025-07-20,2025-07-20,,
126818949,Rovfjäril,Pieris rapae,noterad,imago/adult, ,friflygande,1263331,6408767,2025-07-21,2025-07-21,,
128419929,Rovfjäril,Pieris rapae,1,imago/adult, ,friflygande,1268869,6397621,2025-09-13,2025-09-13,,
127292161,Rovfjäril,Pieris rapae,noterad,imago/adult, ,friflygande,1261791,6404683,2025-07-29,2025-07-29,,
128222803,Rovfjäril,Pieris rapae,noterad,imago/adult, ,friflygande,1261442,6405534,2025-09-01,2025-09-01,,
126704753,Rovfjäril,Pieris rapae,noterad,imago/adult, ,friflygande,1261905,6403783,2025-07-16,2025-07-16,,
127036069,Rovfjäril,Pieris rapae,noterad,imago/adult, ,friflygande,1260264,6404515,2025-07-30,2025-07-30,,
127035849,Rovfjäril,Pieris rapae,noterad,imago/adult, ,friflygande,1258768,6405718,2025-07-30,2025-07-30,,
125364418,Rovfjäril,Pieris rapae,noterad,,,,1468925,6573353,2025-05-24,2025-05-24,,
128360541,Rovfjäril,Pieris rapae,1,imago/adult, ,friflygande,1475404,6559997,2025-09-10,2025-09-10,,
127266395,Rovfjäril,Pieris rapae,noterad,imago/adult, ,friflygande,1496173,6545809,2025-08-05,2025-08-05,,
125116029,Rovfjäril,Pieris rapae,noterad,imago/adult, ,födosökande,1255807,6421676,2025-05-10,2025-05-10,,
126740188,Rovfjäril,Pieris rapae,noterad, , , ,1284898,6338967,2025-07-18,2025-07-18,,
128136616,Rovfjäril,Pieris rapae,1, , , ,1270726,6404036,2025-09-01,2025-09-01,,
127076321,Rovfjäril,Pieris rapae,noterad, , , ,1301303,6307151,2025-07-11,2025-07-11,,
126835395,Rovfjäril,Pieris rapae,2,imago/adult, ,friflygande,1391852,6189690,2025-07-18,2025-07-20,,
126145348,Rovfjäril,Pieris rapae,1,imago/adult, ,friflygande,1396292,6491459,2025-06-22,2025-06-22,,
126995533,Rovfjäril,Pieris rapae,2,imago/adult, ,friflygande,1625750,6540860,2025-07-28,2025-07-28,,
125794107,Rovfjäril,Pieris rapae,1,imago/adult, ,friflygande,1625750,6540890,2025-05-23,2025-05-23,,
129200056,Rovfjäril,Pieris rapae,1,imago/adult, , ,1529916,6295358,2025-08-16,2025-08-16,,
129199713,Rovfjäril,Pieris rapae,1,imago/adult, , ,1533701,6281158,2025-08-26,2025-08-26,,
129199552,Rovfjäril,Pieris rapae,1,imago/adult, , ,1529916,6295358,2025-09-19,2025-09-19,,
129199115,Rovfjäril,Pieris rapae,1,imago/adult, , ,1534091,6283626,2025-07-14,2025-07-14,,
127110834,Rovfjäril,Pieris rapae,1,imago/adult, , ,1474622,6228280,2025-08-02,2025-08-02,,
127012962,Rovfjäril,Pieris rapae,1,imago/adult, , ,1474622,6228280,2025-07-29,2025-07-29,,
127123254,Rovfjäril,Pieris rapae,1, , ,födosökande,1293630,6478610,2025-08-03,2025-08-03,,
126816002,Rovfjäril,Pieris rapae,8,imago/adult, ,födosökande,1587155,6631286,2025-07-21,2025-07-21,,
126783373,Rovfjäril,Pieris rapae,1,imago/adult, ,födosökande,1583951,6621640,2025-07-19,2025-07-19,på lavendel,
126386178,Rovfjäril,Pieris rapae,1, , , ,1407258,6203678,2025-07-03,2025-07-03,,
125020201,Rovfjäril,Pieris rapae,1,imago/adult, ,friflygande,1538321,6247712,2025-05-05,2025-05-05,,
126980111,Rovfjäril,Pieris rapae,1,imago/adult, ,friflygande,1538321,6247712,2025-07-26,2025-07-26,,
126841998,Rovfjäril,Pieris rapae,2,imago/adult, ,friflygande,1538321,6247712,2025-07-19,2025-07-19,,
126968621,Rovfjäril,Pieris rapae,2,imago/adult, ,friflygande,1538321,6247712,2025-07-27,2025-07-27,,
126842136,Rovfjäril,Pieris rapae,1,imago/adult, ,friflygande,1538321,6247712,2025-07-20,2025-07-20,,
126909364,Rovfjäril,Pieris rapae,1,imago/adult, ,friflygande,1538321,6247712,2025-07-21,2025-07-21,,
127127051,Rovfjäril,Pieris rapae,noterad,,,,1525046,6562938,2025-08-03,2025-08-03,,
126934699,Rovfjäril,Pieris rapae,noterad,,,,1532463,6591715,2025-07-26,2025-07-26,,
127432220,Rovfjäril,Pieris rapae,1,imago/adult, ,friflygande,1284965,6339052,2025-08-12,2025-08-12,,
126695499,Rovfjäril,Pieris rapae,2, , , ,1624258,6578348,2025-07-16,2025-07-16,,
127795641,Rovfjäril,Pieris rapae,noterad,imago/adult,,födosökande,1275232,6398961,2025-07-23,2025-07-23,,Trädgård
127650144,Rovfjäril,Pieris rapae,1,imago/adult, ,friflygande,1502694,6464824,2025-07-26,2025-07-26,,åkerren
127650722,Rovfjäril,Pieris rapae,4,imago/adult, ,friflygande,1502468,6464957,2025-07-26,2025-07-26,,lövbryn mot åker
126661622,Rovfjäril,Pieris rapae,noterad,imago/adult, ,friflygande,1502773,6464801,2025-07-14,2025-07-14,,lövbryn mot åker
127649738,Rovfjäril,Pieris rapae,7,imago/adult, ,friflygande,1502547,6464639,2025-07-26,2025-07-26,,lövskogsbryn mot åker
127649880,Rovfjäril,Pieris rapae,3,imago/adult, ,friflygande,1502611,6464712,2025-07-26,2025-07-26,,åkerren
127650367,Rovfjäril,Pieris rapae,3,imago/adult, ,friflygande,1502773,6464801,2025-07-26,2025-07-26,,lövbryn mot åker
127649561,Rovfjäril,Pieris rapae,2,imago/adult, ,friflygande,1502725,6464487,2025-07-26,2025-07-26,,Åkerren mot vassområde
126413551,Rovfjäril,Pieris rapae,2,imago/adult, ,friflygande,1502647,6464771,2025-05-20,2025-05-20,,lövbryn mot åker
126724168,Rovfjäril,Pieris rapae,noterad,imago/adult, ,friflygande,1507710,6458020,2025-07-17,2025-07-17,,lövbryn vid strandtomt
127276103,Rovfjäril,Pieris rapae,2,imago/adult, ,friflygande,1605336,6670762,2025-08-05,2025-08-05,,
127298088,Rovfjäril,Pieris rapae,noterad,imago/adult, ,friflygande,1633800,6606399,2025-08-07,2025-08-07,,
127423939,Rovfjäril,Pieris rapae,1,imago/adult, ,friflygande,1617074,6596211,2025-08-12,2025-08-12,,
126786838,Rovfjäril,Pieris rapae,noterad, , ,födosökande,1269827,6422458,2025-07-20,2025-07-20,,
128205704,Rovfjäril,Pieris rapae,1,imago/adult, ,födosökande,1269827,6422458,2025-09-03,2025-09-03,,
128281245,Rovfjäril,Pieris rapae,2,imago/adult, ,friflygande,1255850,6421600,2025-09-07,2025-09-07,,
126832347,Rovfjäril,Pieris rapae,4,imago/adult, ,födosökande,1269827,6422458,2025-07-22,2025-07-22,,
126894281,Rovfjäril,Pieris rapae,6, , , ,1519653,6494564,2025-07-24,2025-07-24,,
126871021,Rovfjäril,Pieris rapae,30,imago/adult, ,friflygande,1267245,6396667,2025-07-23,2025-07-23,,
124509056,Rovfjäril,Pieris rapae,1,imago/adult, ,friflygande,1270691,6399086,2025-04-27,2025-04-27,,
126745772,Rovfjäril,Pieris rapae,noterad,imago/adult, ,friflygande,1272996,6420292,2025-07-18,2025-07-18,,
126871023,Rovfjäril,Pieris rapae,1,imago/adult, ,friflygande,1267245,6396667,2025-07-23,2025-07-23,,
126906769,Rovfjäril,Pieris rapae,1,imago/adult, ,friflygande,1266680,6400131,2025-07-25,2025-07-25,,
126906706,Rovfjäril,Pieris rapae,2,imago/adult, ,friflygande,1267437,6395949,2025-07-25,2025-07-25,,
125137664,Rovfjäril,Pieris rapae,1,imago/adult, ,friflygande,1261408,6405315,2025-05-16,2025-05-16,,
124935559,Rovfjäril,Pieris rapae,1,imago/adult, ,friflygande,1267163,6396167,2025-05-10,2025-05-10,,
125137337,Rovfjäril,Pieris rapae,1,imago/adult, ,friflygande,1268018,6397118,2025-05-15,2025-05-15,,
125390404,Rovfjäril,Pieris rapae,1,imago/adult,,friflygande,1555793,6532168,2025-05-25,2025-05-25,,
126699857,Rovfjäril,Pieris rapae,1,imago/adult, ,friflygande,1557528,6502308,2025-07-16,2025-07-16,,
127126570,Rovfjäril,Pieris rapae,1,imago/adult, ,födosökande,1557528,6502308,2025-08-03,2025-08-03,,
127064777,Rovfjäril,Pieris rapae,noterad,,,,1577387,6551911,2025-07-31,2025-07-31,,vägkant
126650937,Rovfjäril,Pieris rapae,3, , ,födosökande,1245083,6447554,2025-07-14,2025-07-14,,
128635168,Rovfjäril,Pieris rapae,1,imago/adult,hona,födosökande,1327780,6176370,2025-09-23,2025-09-23,,
128207037,Rovfjäril,Pieris rapae,3,imago/adult, ,friflygande,1328301,6177161,2025-09-04,2025-09-04,,
126953140,Rovfjäril,Pieris rapae,2,imago/adult, ,friflygande,1327565,6176972,2025-07-27,2025-07-27,,
126806624,Rovfjäril,Pieris rapae,2,imago/adult, ,födosökande,1326838,6177058,2025-07-21,2025-07-21,,
126670969,Rovfjäril,Pieris rapae,1,imago/adult, ,friflygande,1326838,6177058,2025-07-15,2025-07-15,,
128635167,Rovfjäril,Pieris rapae,1,imago/adult,hane,födosökande,1327780,6176370,2025-09-23,2025-09-23,,
126826210,Rovfjäril,Pieris rapae,2,imago/adult, ,födosökande,1326838,6177058,2025-07-22,2025-07-22,,
125545980,Rovfjäril,Pieris rapae,1,imago/adult,hona,födosökande,1327195,6176988,2025-05-30,2025-05-30,På hundkex.,
126511581,Rovfjäril,Pieris rapae,1,imago/adult, ,friflygande,1326838,6177058,2025-07-08,2025-07-08,,
126759927,Rovfjäril,Pieris rapae,1,imago/adult, ,friflygande,1326838,6177058,2025-07-19,2025-07-19,,
128049441,Rovfjäril,Pieris rapae,1,imago/adult, ,friflygande,1327565,6176972,2025-08-29,2025-08-29,,
127365926,Rovfjäril,Pieris rapae,1,imago/adult, ,friflygande,1325557,6182355,2025-08-10,2025-08-10,,
126648495,Rovfjäril,Pieris rapae,2,imago/adult, ,friflygande,1326838,6177058,2025-07-14,2025-07-14,,
126878797,Rovfjäril,Pieris rapae,1,imago/adult, ,friflygande,1326838,6177058,2025-07-24,2025-07-24,,
126585983,Rovfjäril,Pieris rapae,2, , ,friflygande,1549657,6288493,2025-07-10,2025-07-10,,
125898231,Rovfjäril,Pieris rapae,1, , ,friflygande,1501749,6293654,2025-06-12,2025-06-12,,
126974260,Rovfjäril,Pieris rapae,2, , ,födosökande,1435547,6212610,2025-07-23,2025-07-23,Lavendel,
126756967,Rovfjäril,Pieris rapae,3, , ,friflygande,1435547,6212610,2025-07-18,2025-07-18,,
123747996,Rovfjäril,Pieris rapae,2, , ,friflygande,1435547,6212610,2025-04-03,2025-04-03,sol +19,
126673782,Rovfjäril,Pieris rapae,2, , ,friflygande,1435547,6212610,2025-07-14,2025-07-14,,
124535530,Rovfjäril,Pieris rapae,1, , ,friflygande,1435547,6212610,2025-04-28,2025-04-28,,
127362748,Rovfjäril,Pieris rapae,2, , ,födosökande,1413083,6220741,2025-08-08,2025-08-08,fjärilsbuske,
128455223,Rovfjäril,Pieris rapae,noterad,imago/adult, , ,1535470,6266405,2025-09-13,2025-09-13,,
126567396,Rovfjäril,Pieris rapae,noterad,imago/adult, , ,1535470,6266405,2025-07-10,2025-07-10,,
126768318,Rovfjäril,Pieris rapae,noterad,imago/adult, , ,1535470,6266405,2025-07-19,2025-07-19,,
128646020,Rovfjäril,Pieris rapae,noterad,imago/adult, , ,1535470,6266405,2025-09-23,2025-09-23,,
128696943,Rovfjäril,Pieris rapae,noterad,imago/adult, , ,1535470,6266405,2025-09-25,2025-09-25,,
127455230,Rovfjäril,Pieris rapae,noterad,imago/adult, , ,1535470,6266405,2025-08-13,2025-08-13,,
126764172,Rovfjäril,Pieris rapae,noterad,imago/adult, ,friflygande,1466108,6456478,2025-07-19,2025-07-19,,
127006132,Rovfjäril,Pieris rapae,2, , ,friflygande,1457385,6586791,2025-07-28,2025-07-28,,
125608236,Rovfjäril,Pieris rapae,1, , ,friflygande,1427630,6542072,2025-05-31,2025-05-31,,
124749237,Rovfjäril,Pieris rapae,1, , ,friflygande,1450185,6549710,2025-05-03,2025-05-03,,
125256905,Rovfjäril,Pieris rapae,1, , , ,1482015,6531644,2025-05-19,2025-05-19,,
128573771,Rovfjäril,Pieris rapae,1, , , ,1541168,6348471,2025-09-20,2025-09-20,,
127037280,Rovfjäril,Pieris rapae,noterad, , , ,1523633,6363633,2025-07-30,2025-07-30,,
124785083,Rovfjäril,Pieris rapae,1, , , ,1523633,6363633,2025-05-05,2025-05-05,,
127844145,Rovfjäril,Pieris rapae,noterad, , , ,1566144,6504743,2025-08-24,2025-08-26,,
125649019,Rovfjäril,Pieris rapae,1, , , ,1587821,6498759,2025-06-02,2025-06-02,,
128687478,Rovfjäril,Pieris rapae,1, , ,friflygande,1537687,6257289,2025-09-24,2025-09-24,,
126814386,Rovfjäril,Pieris rapae,1,imago/adult, ,friflygande,1285847,6362993,2025-07-21,2025-07-21,,
126964486,Rovfjäril,Pieris rapae,1,imago/adult, ,friflygande,1285847,6362993,2025-07-27,2025-07-27,,
127601093,Rovfjäril,Pieris rapae,1,imago/adult, ,födosökande,1526330,6498230,2025-08-15,2025-08-15,,
128859386,Rovfjäril,Pieris rapae,1,imago/adult, ,vilande,1572415,6356306,2025-09-27,2025-09-27,,
127049843,Rovfjäril,Pieris rapae,1,imago/adult, ,vilande,1526330,6498230,2025-07-31,2025-07-31,,
126721812,Rovfjäril,Pieris rapae,1,imago/adult, ,vilande,1526330,6498230,2025-07-17,2025-07-17,,
127622806,Rovfjäril,Pieris rapae,1,imago/adult, ,födosökande,1526330,6498230,2025-08-16,2025-08-16,,
126704682,Rovfjäril,Pieris rapae,1,imago/adult, ,vilande,1563908,6319846,2025-07-14,2025-07-14,,
127352317,Rovfjäril,Pieris rapae,1,imago/adult, ,vilande,1563908,6319846,2025-08-04,2025-08-04,,
126704709,Rovfjäril,Pieris rapae,1,imago/adult, ,vilande,1563908,6319846,2025-07-15,2025-07-15,,
127103151,Rovfjäril,Pieris rapae,1,imago/adult, ,vilande,1526330,6498230,2025-08-02,2025-08-02,,
128283921,Rovfjäril,Pieris rapae,1,imago/adult, ,födosökande,1563908,6319846,2025-09-07,2025-09-07,,
126782792,Rovfjäril,Pieris rapae,1,imago/adult, ,vilande,1526330,6498230,2025-07-20,2025-07-20,,
127421820,Rovfjäril,Pieris rapae,1,imago/adult, ,födosökande,1526330,6498230,2025-08-12,2025-08-12,,
126766864,Rovfjäril,Pieris rapae,1,imago/adult, ,vilande,1526330,6498230,2025-07-19,2025-07-19,,
128859223,Rovfjäril,Pieris rapae,1,imago/adult, ,födosökande,1563908,6319846,2025-09-27,2025-09-27,,
126841033,Rovfjäril,Pieris rapae,1,imago/adult, ,friflygande,1488789,6260899,2025-07-21,2025-07-21,,
126797268,Rovfjäril,Pieris rapae,2, , , ,1305897,6299815,2025-07-19,2025-07-20,,
127006647,Rovfjäril,Pieris rapae,1,imago/adult, ,friflygande,1438389,6302582,2025-07-29,2025-07-29,,
126769731,Rovfjäril,Pieris rapae,2, , , ,1326077,6218599,2025-07-19,2025-07-19,,
126987728,Rovfjäril,Pieris rapae,2, , ,födosökande,1351117,6201666,2025-07-28,2025-07-28,,
126546794,Rovfjäril,Pieris rapae,1, , , ,1331568,6219411,2025-07-09,2025-07-09,,
127079971,Rovfjäril,Pieris rapae,noterad, , , ,1344153,6191284,2025-07-31,2025-07-31,,
127675147,Rovfjäril,Pieris rapae,1, , , ,1345653,6219613,2025-08-18,2025-08-18,,
128643761,Rovfjäril,Pieris rapae,3, , , ,1327883,6229979,2025-09-23,2025-09-23,,
127103483,Rovfjäril,Pieris rapae,1, , ,friflygande,1393731,6198610,2025-07-09,2025-07-09,,
131645472,Rovfjäril,Pieris rapae,1,imago/adult,,,1509646,6588619,2025-08-17,2025-08-17,,
127404910,Rovfjäril,Pieris rapae,1,imago/adult, ,födosökande,1310664,6231121,2025-08-10,2025-08-10,,
126460604,Rovfjäril,Pieris rapae,7,imago/adult, ,friflygande,1318023,6229802,2025-06-30,2025-06-30,Även parning.,
127749039,Rovfjäril,Pieris rapae,10,imago/adult, ,födosökande,1317440,6207444,2025-08-19,2025-08-19,,
128498733,Rovfjäril,Pieris rapae,1,imago/adult, ,födosökande,1333988,6209119,2025-09-12,2025-09-12,,
123848879,Rovfjäril,Pieris rapae,1,imago/adult, ,friflygande,1318023,6229802,2025-04-07,2025-04-07,,
128283637,Rovfjäril,Pieris rapae,2,imago/adult, ,födosökande,1332006,6238660,2025-09-06,2025-09-06,,
127395058,Rovfjäril,Pieris rapae,2,imago/adult,i par,parning/parningsceremonier,1332531,6239601,2025-08-08,2025-08-08,,
125364302,Rovfjäril,Pieris rapae,1,imago/adult, ,födosökande,1310664,6231121,2025-05-16,2025-05-16,,
128351089,Rovfjäril,Pieris rapae,3,imago/adult, ,friflygande,1309492,6229038,2025-09-08,2025-09-08,,
128828302,Rovfjäril,Pieris rapae,1,imago/adult, ,födosökande,1312510,6232618,2025-09-24,2025-09-24,,
127066512,Rovfjäril,Pieris rapae,1,imago/adult, ,födosökande,1313176,6214640,2025-07-28,2025-07-28,,
126684867,Rovfjäril,Pieris rapae,3,imago/adult, ,födosökande,1308220,6228686,2025-07-08,2025-07-08,,
128204702,Rovfjäril,Pieris rapae,2,imago/adult, ,friflygande,1308284,6223122,2025-08-29,2025-08-29,,
128371189,Rovfjäril,Pieris rapae,5,imago/adult, ,födosökande,1318023,6229802,2025-09-09,2025-09-09,,
126823629,Rovfjäril,Pieris rapae,1,imago/adult, ,födosökande,1328267,6211895,2025-07-21,2025-07-21,,
126877579,Rovfjäril,Pieris rapae,noterad, , ,födosökande,1328423,6226289,2025-07-23,2025-07-23,,
126899080,Rovfjäril,Pieris rapae,noterad, , ,födosökande,1328423,6226289,2025-07-22,2025-07-22,,
127157647,Rovfjäril,Pieris rapae,noterad, , ,födosökande,1328423,6226289,2025-08-04,2025-08-04,,
126963625,Rovfjäril,Pieris rapae,noterad, , ,födosökande,1328423,6226289,2025-07-27,2025-07-27,,
128902229,Rovfjäril,Pieris rapae,3, , ,friflygande,1331352,6226301,2025-10-02,2025-10-02,,
128160943,Rovfjäril,Pieris rapae,2, , ,födosökande,1328423,6226289,2025-08-30,2025-08-30,,
127637179,Rovfjäril,Pieris rapae,noterad, , ,födosökande,1328423,6226289,2025-08-16,2025-08-16,,
128205408,Rovfjäril,Pieris rapae,2, , ,parning/parningsceremonier,1328423,6226289,2025-09-03,2025-09-03,,
128811166,Rovfjäril,Pieris rapae,1, , ,födosökande,1331352,6226301,2025-09-30,2025-09-30,,
127063465,Rovfjäril,Pieris rapae,noterad, , ,födosökande,1328423,6226289,2025-07-30,2025-07-30,,
128651361,Rovfjäril,Pieris rapae,1, , ,födosökande,1328423,6226289,2025-09-23,2025-09-23,,
128525128,Rovfjäril,Pieris rapae,1, , , ,1328423,6226289,2025-09-18,2025-09-18,,
127782284,Rovfjäril,Pieris rapae,noterad, , ,födosökande,1334480,6224671,2025-08-23,2025-08-23,,
127098795,Rovfjäril,Pieris rapae,noterad, , ,födosökande,1328423,6226289,2025-07-31,2025-07-31,,
128216458,Rovfjäril,Pieris rapae,noterad, , ,födosökande,1334480,6224671,2025-09-03,2025-09-03,,
128699197,Rovfjäril,Pieris rapae,noterad, , , ,1330832,6226232,2025-09-25,2025-09-25,,
125588777,Rovfjäril,Pieris rapae,1,imago/adult, ,vilande,1599606,6638866,2025-05-31,2025-05-31,,
127159450,Rovfjäril,Pieris rapae,6,imago/adult, ,födosökande,1601860,6640110,2025-08-04,2025-08-04,,
127128011,Rovfjäril,Pieris rapae,1,imago/adult, ,vilande,1542429,6414062,2025-07-03,2025-07-03,,
126753294,Rovfjäril,Pieris rapae,2,imago/adult, , ,1485048,6482018,2025-07-17,2025-07-17,,
127688490,Rovfjäril,Pieris rapae,2,imago/adult, ,födosökande,1363262,6164556,2025-08-19,2025-08-19,,
128521080,Rovfjäril,Pieris rapae,2,imago/adult, ,födosökande,1331200,6142270,2025-09-18,2025-09-18,,
124591106,Rovfjäril,Pieris rapae,1,imago/adult, ,friflygande,1348737,6157090,2025-04-30,2025-04-30,,
128256239,Rovfjäril,Pieris rapae,1,imago/adult, ,födosökande,1331200,6142270,2025-09-06,2025-09-06,,
128331496,Rovfjäril,Pieris rapae,2,imago/adult, ,födosökande,1331200,6142270,2025-09-09,2025-09-09,,
126657514,Rovfjäril,Pieris rapae,1,imago/adult, ,födosökande,1331200,6142270,2025-07-14,2025-07-14,,
126657585,Rovfjäril,Pieris rapae,1,imago/adult, ,födosökande,1363262,6164556,2025-07-13,2025-07-13,,
128284946,Rovfjäril,Pieris rapae,1,imago/adult, ,födosökande,1363262,6164556,2025-09-07,2025-09-07,,
126415698,Rovfjäril,Pieris rapae,1,imago/adult, , ,1346226,6154008,2025-07-04,2025-07-04,,
128579162,Rovfjäril,Pieris rapae,1,imago/adult, ,födosökande,1331200,6142270,2025-09-20,2025-09-20,,
127646206,Rovfjäril,Pieris rapae,1,imago/adult, ,födosökande,1363262,6164556,2025-08-17,2025-08-17,,
126960078,Rovfjäril,Pieris rapae,1,imago/adult, ,födosökande,1331200,6142270,2025-07-27,2025-07-27,,
127323361,Rovfjäril,Pieris rapae,1,imago/adult, ,födosökande,1363262,6164556,2025-08-08,2025-08-08,,
127835375,Rovfjäril,Pieris rapae,2,imago/adult, ,födosökande,1331200,6142270,2025-08-26,2025-08-26,,
128403423,Rovfjäril,Pieris rapae,2,imago/adult, ,födosökande,1331200,6142270,2025-09-12,2025-09-12,,
126567659,Rovfjäril,Pieris rapae,1,imago/adult, ,födosökande,1331200,6142270,2025-07-10,2025-07-10,,
128305674,Rovfjäril,Pieris rapae,2,imago/adult, ,födosökande,1331200,6142270,2025-09-08,2025-09-08,,
128632360,Rovfjäril,Pieris rapae,1,imago/adult, ,födosökande,1331200,6142270,2025-09-23,2025-09-23,,
128379528,Rovfjäril,Pieris rapae,2,imago/adult, ,födosökande,1331200,6142270,2025-09-11,2025-09-11,,
128284926,Rovfjäril,Pieris rapae,2,imago/adult, ,födosökande,1331200,6142270,2025-09-07,2025-09-07,,
128509341,Rovfjäril,Pieris rapae,1,imago/adult, ,födosökande,1331200,6142270,2025-09-17,2025-09-17,,
128184511,Rovfjäril,Pieris rapae,5,imago/adult, ,födosökande,1331200,6142270,2025-09-03,2025-09-03,,
127297427,Rovfjäril,Pieris rapae,4,imago/adult, ,födosökande,1331200,6142270,2025-08-07,2025-08-07,,
126918179,Rovfjäril,Pieris rapae,1,imago/adult, ,födosökande,1363262,6164556,2025-07-25,2025-07-25,,
128547970,Rovfjäril,Pieris rapae,2,imago/adult, ,födosökande,1331200,6142270,2025-09-19,2025-09-19,,
129584750,Rovfjäril,Pieris rapae,1,imago/adult, ,friflygande,1329913,6143627,2025-11-06,2025-11-06,,
128184453,Rovfjäril,Pieris rapae,10,imago/adult, ,födosökande,1329913,6143627,2025-09-03,2025-09-03,,
128311006,Rovfjäril,Pieris rapae,1,imago/adult, ,friflygande,1258252,6408536,2025-09-08,2025-09-08,,
126678038,Rovfjäril,Pieris rapae,1,imago/adult, ,friflygande,1278060,6414730,2025-07-15,2025-07-15,,
126724859,Rovfjäril,Pieris rapae,noterad, , , ,1313964,6226442,2025-07-17,2025-07-17,,
128719399,Rovfjäril,Pieris rapae,1,imago/adult, ,friflygande,1320042,6195541,2025-09-26,2025-09-26,,
128928238,Rovfjäril,Pieris rapae,1,imago/adult, ,friflygande,1468288,6234858,2025-10-03,2025-10-03,,
128127166,Rovfjäril,Pieris rapae,1,imago/adult, ,friflygande,1318680,6144894,2025-08-31,2025-08-31,,
127324063,Rovfjäril,Pieris rapae,1,imago/adult, ,födosökande,1455894,6571630,2025-08-07,2025-08-07,,
127421214,Rovfjäril,Pieris rapae,noterad,imago/adult, ,födosökande,1462631,6572355,2025-08-12,2025-08-12,,
124881733,Rovfjäril,Pieris rapae,2,imago/adult, ,födosökande,1543062,6421357,2025-05-08,2025-05-08,,
127686707,Rovfjäril,Pieris rapae,1,imago/adult, ,födosökande,1550025,6401020,2025-08-19,2025-08-19,,
127730615,Rovfjäril,Pieris rapae,1,imago/adult, ,födosökande,1550025,6401020,2025-08-21,2025-08-21,,
127802672,Rovfjäril,Pieris rapae,2,imago/adult, ,friflygande,1550025,6401020,2025-08-25,2025-08-25,,
128043521,Rovfjäril,Pieris rapae,2,imago/adult, ,födosökande,1550025,6401020,2025-08-28,2025-08-28,,
127380828,Rovfjäril,Pieris rapae,1,imago/adult, ,friflygande,1547393,6403223,2025-08-10,2025-08-10,,
127429062,Rovfjäril,Pieris rapae,7,imago/adult, ,födosökande,1550524,6401556,2025-08-12,2025-08-12,,
127730838,Rovfjäril,Pieris rapae,2,imago/adult, ,födosökande,1549917,6404867,2025-08-21,2025-08-21,,
126771480,Rovfjäril,Pieris rapae,2,imago/adult, ,födosökande,1557458,6422609,2025-07-19,2025-07-19,,
127191890,Rovfjäril,Pieris rapae,4,imago/adult, ,födosökande,1547974,6403905,2025-08-05,2025-08-05,,
128095836,Rovfjäril,Pieris rapae,1,imago/adult, ,födosökande,1543062,6421357,2025-08-30,2025-08-30,,
126860095,Rovfjäril,Pieris rapae,1, , ,födosökande,1305070,6301896,2025-07-23,2025-07-23,,
126908393,Rovfjäril,Pieris rapae,2,imago/adult, ,födosökande,1305070,6301896,2025-07-25,2025-07-25,,
128348587,Rovfjäril,Pieris rapae,3, , ,födosökande,1308791,6237907,2025-09-09,2025-09-09,,
126981077,Rovfjäril,Pieris rapae,2, , ,födosökande,1313759,6200760,2025-07-27,2025-07-27,,
126759840,Rovfjäril,Pieris rapae,1, , ,friflygande,1527603,6406297,2025-07-18,2025-07-18,,
126780146,Rovfjäril,Pieris rapae,1, , ,friflygande,1527603,6406297,2025-07-19,2025-07-19,,
126741527,Rovfjäril,Pieris rapae,1, , ,friflygande,1527603,6406297,2025-07-17,2025-07-17,,
126854746,Rovfjäril,Pieris rapae,1, , ,födosökande,1249670,6470260,2025-07-22,2025-07-22,,
127616782,Rovfjäril,Pieris rapae,1, , , ,1267473,6444241,2025-08-14,2025-08-14,,
126802031,Rovfjäril,Pieris rapae,1, , ,födosökande,1249670,6470260,2025-07-20,2025-07-20,,
127015420,Rovfjäril,Pieris rapae,1, , ,födosökande,1249670,6470260,2025-07-28,2025-07-28,,
127370192,Rovfjäril,Pieris rapae,2, , ,födosökande,1267473,6444241,2025-08-08,2025-08-08,,
128311907,Rovfjäril,Pieris rapae,5, , ,födosökande,1389373,6141615,2025-09-08,2025-09-08,,
128713471,Rovfjäril,Pieris rapae,1, , ,födosökande,1249670,6470260,2025-09-25,2025-09-25,,
126598275,Rovfjäril,Pieris rapae,1, , , ,1267473,6444241,2025-07-11,2025-07-11,,
128216419,Rovfjäril,Pieris rapae,4, , ,födosökande,1267473,6444241,2025-09-04,2025-09-04,,
127104389,Rovfjäril,Pieris rapae,1, , ,födosökande,1249670,6470260,2025-08-01,2025-08-01,,
126768315,Rovfjäril,Pieris rapae,1, , ,födosökande,1249670,6470260,2025-07-19,2025-07-19,,
127045246,Rovfjäril,Pieris rapae,1, , ,födosökande,1249670,6470260,2025-07-30,2025-07-30,,
126867918,Rovfjäril,Pieris rapae,1, , ,födosökande,1249670,6470260,2025-07-23,2025-07-23,,
125904575,Rovfjäril,Pieris rapae,1, , ,födosökande,1249670,6470260,2025-06-12,2025-06-12,,
126619513,Rovfjäril,Pieris rapae,1, , ,födosökande,1249670,6470260,2025-07-12,2025-07-12,,
126823573,Rovfjäril,Pieris rapae,6, , ,födosökande,1249670,6470260,2025-07-21,2025-07-21,,
126917225,Rovfjäril,Pieris rapae,2, , ,födosökande,1249670,6470260,2025-07-25,2025-07-25,,
126892158,Rovfjäril,Pieris rapae,3, , ,födosökande,1249670,6470260,2025-07-24,2025-07-24,,
128347413,Rovfjäril,Pieris rapae,19, , ,födosökande,1392281,6141495,2025-09-09,2025-09-09,,
126537150,Rovfjäril,Pieris rapae,1, , ,födosökande,1267658,6444461,2025-07-09,2025-07-09,,
126762420,Rovfjäril,Pieris rapae,1, , , ,1681752,6420925,2025-07-19,2025-07-19,,
127314943,Rovfjäril,Pieris rapae,2, , ,friflygande,1628957,6568153,2025-08-08,2025-08-08,,
126538661,Rovfjäril,Pieris rapae,1, , ,friflygande,1293379,6465513,2025-07-08,2025-07-08,,
126765038,Rovfjäril,Pieris rapae,3, , ,friflygande,1293379,6465513,2025-07-19,2025-07-19,,
127109600,Rovfjäril,Pieris rapae,2,imago/adult, ,friflygande,1551195,6619531,2025-08-02,2025-08-02,,
130016339,Rovfjäril,Pieris rapae,1,imago/adult, , ,1435981,6283603,2025-12-07,2025-12-07,Inomhus. Måste ha kommit in och kläckts. ,
128415222,Rovfjäril,Pieris rapae,noterad, , , ,1668866,6420392,2025-09-13,2025-09-13,,
126708819,Rovfjäril,Pieris rapae,1, , ,födosökande,1645458,6568809,2025-07-16,2025-07-16,,
126817637,Rovfjäril,Pieris rapae,noterad,imago/adult, ,friflygande,1524830,6497810,2025-07-21,2025-07-21,,
126989414,Rovfjäril,Pieris rapae,1,imago/adult, ,friflygande,1509007,6478254,2025-07-27,2025-07-27,,
126818360,Rovfjäril,Pieris rapae,noterad,imago/adult, ,friflygande,1523285,6496878,2025-07-21,2025-07-21,,
126817973,Rovfjäril,Pieris rapae,noterad,imago/adult, ,friflygande,1524534,6497387,2025-07-21,2025-07-21,,
126269850,Rovfjäril,Pieris rapae,1, , ,friflygande,1714955,7378465,2025-06-27,2025-06-27,,
126817314,Rovfjäril,Pieris rapae,1,imago/adult, ,födosökande,1547132,6452432,2025-07-21,2025-07-21,,
126371261,Rovfjäril,Pieris rapae,2,imago/adult, , ,1258810,6429021,2025-07-02,2025-07-02,,
126675445,Rovfjäril,Pieris rapae,noterad,imago/adult, ,födosökande,1327910,6405710,2025-07-15,2025-07-15,,
127618830,Rovfjäril,Pieris rapae,2, , , ,1334577,6413204,2025-08-16,2025-08-16,,
126333966,Rovfjäril,Pieris rapae,2,imago/adult,,friflygande,1347858,6154394,2025-07-01,2025-07-01,,
127689235,Rovfjäril,Pieris rapae,1,imago/adult, ,födosökande,1409050,6410660,2025-08-17,2025-08-17,"Soligt 100 +20 C, Vind 3 m/s N",på verbena
127689161,Rovfjäril,Pieris rapae,4,imago/adult, ,friflygande,1409050,6410660,2025-07-28,2025-07-28,"Soligt 100 +24 C, Vind 1 m/s SV",
124875384,Rovfjäril,Pieris rapae,1,imago/adult, ,friflygande,1409050,6410660,2025-05-01,2025-05-01,"Soligt 100 +20 C, Vind 4 m/s SV",
126710373,Rovfjäril,Pieris rapae,7,imago/adult, ,födosökande,1409050,6410660,2025-07-14,2025-07-14,"Soligt 95 +27 C, Vind 1 m/s NO",på lavendel
126187902,Rovfjäril,Pieris rapae,1,imago/adult, ,friflygande,1409050,6410660,2025-06-14,2025-06-14,"Soligt 100 +26 C, Vind 1 m/s SV",
127621634,Rovfjäril,Pieris rapae,1,imago/adult, ,friflygande,1289899,6467022,2025-08-16,2025-08-16,,
127002486,Rovfjäril,Pieris rapae,noterad,imago/adult, , ,1628361,6603208,2025-07-29,2025-07-29,,
128401081,Rovfjäril,Pieris rapae,1,imago/adult, , ,1627340,6593415,2025-09-12,2025-09-12,,
128671696,Rovfjäril,Pieris rapae,1,imago/adult, , ,1536532,6238049,2025-09-24,2025-09-24,,
128671957,Rovfjäril,Pieris rapae,1,imago/adult, , ,1540188,6234564,2025-09-24,2025-09-24,,
127371611,Rovfjäril,Pieris rapae,1,imago/adult, , ,1633176,6607079,2025-08-10,2025-08-10,,
126984764,Rovfjäril,Pieris rapae,2,imago/adult, , ,1646748,6606749,2025-07-28,2025-07-28,,
128408767,Rovfjäril,Pieris rapae,1,imago/adult, , ,1632239,6604823,2025-09-13,2025-09-13,,
128411935,Rovfjäril,Pieris rapae,1, , ,friflygande,1468975,6572974,2025-09-13,2025-09-13,,
127297368,Rovfjäril,Pieris rapae,2, , ,äggläggande,1464697,6571930,2025-08-07,2025-08-07,,
126859840,Rovfjäril,Pieris rapae,3, , ,friflygande,1471482,6551030,2025-07-23,2025-07-23,,
126859867,Rovfjäril,Pieris rapae,2, , ,friflygande,1473394,6551113,2025-07-23,2025-07-23,,
127672557,Rovfjäril,Pieris rapae,noterad, , , ,1464697,6571930,2025-08-18,2025-08-18,,
126941778,Rovfjäril,Pieris rapae,1, , , ,1444546,6578196,2025-07-26,2025-07-26,,
127297336,Rovfjäril,Pieris rapae,noterad, , ,födosökande,1462639,6572357,2025-08-07,2025-08-07,,
126785063,Rovfjäril,Pieris rapae,1, , ,friflygande,1448206,6583175,2025-07-19,2025-07-19,,
126966757,Rovfjäril,Pieris rapae,1, , , ,1464697,6571930,2025-07-27,2025-07-27,,
126814235,Rovfjäril,Pieris rapae,1, , ,friflygande,1469629,6575456,2025-07-21,2025-07-21,,
128317985,Rovfjäril,Pieris rapae,3, , ,friflygande,1462639,6572357,2025-09-07,2025-09-07,,
123737176,Rovfjäril,Pieris rapae,1,imago/adult, ,födosökande,1336431,6178067,2025-04-03,2025-04-03,"I vårblommor på solvarm dammvall i norra delen av trädgården. +15 grader, sol, svag sydvästvind.. ",
126316560,Rovfjäril,Pieris rapae,1,imago/adult, ,friflygande,1336431,6178067,2025-06-30,2025-06-30,"I buskbryn i östra delen av trädgården. +17 grader, sol, måttlig västvind. ",
124631262,Rovfjäril,Pieris rapae,2,imago/adult, ,friflygande,1336431,6178067,2025-05-01,2025-05-01,"På blad och örter vid stenpartiet i centrala delen av trädgården. +15 grader, sol, måttlig västvind.",
124528329,Rovfjäril,Pieris rapae,1,imago/adult, ,friflygande,1336431,6178067,2025-04-28,2025-04-28,"I lövgläntor i södra delen av trädgården. +10 grader, sol, måttlig sydvind. ",
126200209,Rovfjäril,Pieris rapae,1,imago/adult, ,friflygande,1336431,6178067,2025-06-25,2025-06-25,"Vid rabatter vid husvägg i sydvästra delen av trädgården. +14 grader, mulet med solglimtar, måttlig västvind. ",
127478203,Rovfjäril,Pieris rapae,1,imago/adult, ,födosökande,1336431,6178067,2025-08-14,2025-08-14,"I blomsterrabatter i centrala delen av trädgården. +23 grader, sol, måttlig sydostvind. ",
127657437,Rovfjäril,Pieris rapae,1,imago/adult, ,födosökande,1336431,6178067,2025-08-16,2025-08-16,"I rabatter i östra delen av trädgården. +18 grader, sol, måttlig sydostvind.",
124805607,Rovfjäril,Pieris rapae,1,imago/adult, ,födosökande,1336431,6178067,2025-05-06,2025-05-06,"På ramslöksblommor i plantering i fruktträdspartiet i nordvästra delen av trädgården. +11 grader, sol, måttlig väst vind. ",
125803939,Rovfjäril,Pieris rapae,1, ,hona, ,1650561,6580654,2025-06-08,2025-06-08,,
126959737,Rovfjäril,Pieris rapae,18,imago/adult, ,friflygande,1656494,6653789,2025-07-27,2025-07-27,,
126760336,Rovfjäril,Pieris rapae,1,imago/adult, ,friflygande,1538543,6325324,2025-07-19,2025-07-19,,
127402161,Rovfjäril,Pieris rapae,1,imago/adult, ,födosökande,1600946,6637024,2025-08-10,2025-08-10,På syrenbuddleja.,
128590640,Rovfjäril,Pieris rapae,1,imago/adult, ,friflygande,1343022,6192872,2025-09-20,2025-09-20,,
127623998,Rovfjäril,Pieris rapae,1,imago/adult, ,födosökande,1600946,6637024,2025-08-14,2025-08-14,På syrenbuddleja.,
127395452,Rovfjäril,Pieris rapae,2,imago/adult, ,friflygande,1600504,6637508,2025-08-08,2025-08-08,,
126982922,Rovfjäril,Pieris rapae,1,imago/adult, ,födosökande,1602533,6633607,2025-07-28,2025-07-28,,
126936394,Rovfjäril,Pieris rapae,1,imago/adult, ,friflygande,1599658,6673057,2025-07-26,2025-07-26,,
127129695,Rovfjäril,Pieris rapae,2,imago/adult, ,födosökande,1600946,6637024,2025-08-02,2025-08-02,,
127526767,Rovfjäril,Pieris rapae,1,imago/adult, ,födosökande,1601001,6637026,2025-08-12,2025-08-12,På syrenbuddleja.,
127416831,Rovfjäril,Pieris rapae,1,imago/adult, ,födosökande,1601001,6637026,2025-08-11,2025-08-11,På syrenbuddleja.,
127402017,Rovfjäril,Pieris rapae,1,imago/adult, ,friflygande,1600708,6637096,2025-08-10,2025-08-10,,
127678678,Rovfjäril,Pieris rapae,1,imago/adult, ,friflygande,1597678,6638642,2025-08-18,2025-08-18,,
127416731,Rovfjäril,Pieris rapae,2,imago/adult, ,födosökande,1600892,6637021,2025-08-11,2025-08-11,På syrenbuddleja.,
129637509,Rovfjäril,Pieris rapae,2,imago/adult,,friflygande,1589067,6618745,2025-07-21,2025-07-21,"temperatur - 29 °C, molnighet - mest klart, vindstyrka - 3 (små kvistar rör sig), vindriktning - nordost, % solsken - 90 %",
129639472,Rovfjäril,Pieris rapae,2,imago/adult,,friflygande,1596182,6527259,2025-07-18,2025-07-18,"temperatur - 25 °C, molnighet - mest klart, vindstyrka - 3 (små kvistar rör sig), vindriktning - syddost, % solsken - 90 %",
129637645,Rovfjäril,Pieris rapae,2,imago/adult,,friflygande,1633798,6606281,2025-07-21,2025-07-21,"temperatur - 27 °C, molnighet - mest klart, vindstyrka - 3 (små kvistar rör sig), vindriktning - ost, % solsken - 90 %",
129639609,Rovfjäril,Pieris rapae,3,imago/adult,,friflygande,1633132,6542788,2025-07-17,2025-07-17,"temperatur - 26 °C, molnighet - klart, vindstyrka - 3 (små kvistar rör sig), vindriktning - nordost, % solsken - 100 %",
129637526,Rovfjäril,Pieris rapae,1,imago/adult,,friflygande,1589067,6618745,2025-07-10,2025-07-10,"temperatur - 23 °C, molnighet - klart, vindstyrka - 2 (små löv rör sig), vindriktning - nordost, % solsken - 100 %",
127403705,Rovfjäril,Pieris rapae,1,imago/adult, ,födosökande,1469254,6568026,2025-08-11,2025-08-11,,
127421574,Rovfjäril,Pieris rapae,3,imago/adult, ,födosökande,1468873,6571623,2025-08-12,2025-08-12,,
127106118,Rovfjäril,Pieris rapae,3,imago/adult, ,födosökande,1468873,6571623,2025-08-02,2025-08-02,,
127316433,Rovfjäril,Pieris rapae,2,imago/adult,,födosökande,1468873,6571623,2025-08-08,2025-08-08,,
125369668,Rovfjäril,Pieris rapae,1,imago/adult, ,friflygande,1469010,6571576,2025-05-24,2025-05-24,,
125504646,Rovfjäril,Pieris rapae,1,imago/adult,hane,friflygande,1468873,6571623,2025-05-29,2025-05-29,,
128595530,Rovfjäril,Pieris rapae,1,imago/adult,,födosökande,1469122,6571830,2025-09-21,2025-09-21,,
127272628,Rovfjäril,Pieris rapae,1,imago/adult,,födosökande,1468857,6571600,2025-08-06,2025-08-06,,
127479141,Rovfjäril,Pieris rapae,2,imago/adult, ,födosökande,1469254,6568026,2025-08-14,2025-08-14,,
128576614,Rovfjäril,Pieris rapae,noterad,imago/adult, ,friflygande,1307443,6294246,2025-09-20,2025-09-20,,
124750212,Rovfjäril,Pieris rapae,1,imago/adult, ,vilande,1269162,6407842,2025-05-04,2025-05-04,,
125074740,Rovfjäril,Pieris rapae,2,imago/adult, , ,1269162,6407842,2025-05-14,2025-05-14,,
127025640,Rovfjäril,Pieris rapae,1,imago/adult, , ,1260835,6439901,2025-07-30,2025-07-30,,
126916327,Rovfjäril,Pieris rapae,1,imago/adult, ,födosökande,1260835,6439901,2025-07-25,2025-07-25,,
126986025,Rovfjäril,Pieris rapae,1,imago/adult, , ,1260315,6439259,2025-07-28,2025-07-28,,
126986287,Rovfjäril,Pieris rapae,1,imago/adult, , ,1260777,6439756,2025-07-28,2025-07-28,,
127025515,Rovfjäril,Pieris rapae,1,imago/adult, , ,1260835,6439901,2025-07-29,2025-07-29,,
125769868,Rovfjäril,Pieris rapae,1,imago/adult, ,födosökande,1268709,6408926,2025-06-07,2025-06-07,,
126753510,Rovfjäril,Pieris rapae,1,imago/adult, ,friflygande,1385922,6462367,2025-07-18,2025-07-18,,
126846486,Rovfjäril,Pieris rapae,3,imago/adult, ,födosökande,1387676,6466557,2025-07-21,2025-07-21,,
126688289,Rovfjäril,Pieris rapae,1,imago/adult, ,friflygande,1382180,6522190,2025-07-13,2025-07-13,,
127402241,Rovfjäril,Pieris rapae,2,imago/adult, ,friflygande,1387676,6466557,2025-08-10,2025-08-10,,
128627629,Rovfjäril,Pieris rapae,2,imago/adult, ,födosökande,1385000,6501400,2025-09-22,2025-09-22,,
127652221,Rovfjäril,Pieris rapae,2,imago/adult, ,friflygande,1387676,6466557,2025-08-17,2025-08-17,,
126748925,Rovfjäril,Pieris rapae,5, , , ,1278470,6462080,2025-07-18,2025-07-18,,
126749041,Rovfjäril,Pieris rapae,4, , , ,1278954,6461211,2025-07-18,2025-07-18,,
126640598,Rovfjäril,Pieris rapae,5, , , ,1278952,6476378,2025-07-13,2025-07-13,,
127100067,Rovfjäril,Pieris rapae,2, , , ,1278952,6476378,2025-07-31,2025-07-31,,
125104502,Rovfjäril,Pieris rapae,1,,,,1625719,6578370,2025-05-15,2025-05-15,,
128219039,Rovfjäril,Pieris rapae,4,,,,1646257,6558825,2025-09-04,2025-09-04,,
128695974,Rovfjäril,Pieris rapae,3,,,,1611736,6538052,2025-09-25,2025-09-25,,
125029571,Rovfjäril,Pieris rapae,noterad,imago/adult, ,friflygande,1323767,6286721,2025-05-11,2025-05-11,,
127455461,Rovfjäril,Pieris rapae,noterad,imago/adult, ,friflygande,1309017,6298500,2025-08-13,2025-08-13,,
127378032,Rovfjäril,Pieris rapae,1,imago/adult, ,födosökande,1524060,6619266,2025-08-10,2025-08-10,,
127378126,Rovfjäril,Pieris rapae,1,imago/adult, ,födosökande,1523960,6619271,2025-08-10,2025-08-10,,
126381155,Rovfjäril,Pieris rapae,1, , , ,1373790,6228620,2025-07-02,2025-07-02,,
127635908,Rovfjäril,Pieris rapae,25, , , ,1372591,6232491,2025-08-16,2025-08-16,,
128697677,Rovfjäril,Pieris rapae,1, , , ,1373790,6228620,2025-09-20,2025-09-20,,
128418094,Rovfjäril,Pieris rapae,1, , , ,1373790,6228620,2025-09-10,2025-09-10,,
129209121,Rovfjäril,Pieris rapae,1, , , ,1370505,6220498,2025-09-07,2025-09-07,,
127397831,Rovfjäril,Pieris rapae,2, , , ,1361110,6152160,2025-07-20,2025-07-20,,
127410402,Rovfjäril,Pieris rapae,2,,,,1391119,6143199,2025-07-17,2025-07-17,,
128910337,Rovfjäril,Pieris rapae,2, , , ,1363101,6167717,2025-09-12,2025-09-12,,
127396500,Rovfjäril,Pieris rapae,1, , , ,1355927,6162871,2025-07-15,2025-07-15,,
128212129,Rovfjäril,Pieris rapae,4, , , ,1355927,6162871,2025-08-30,2025-08-30,,
128911305,Rovfjäril,Pieris rapae,3, , , ,1355927,6162871,2025-09-01,2025-09-01,,
127398679,Rovfjäril,Pieris rapae,2,,,,1364849,6167560,2025-07-22,2025-07-22,,
127397793,Rovfjäril,Pieris rapae,3, , , ,1355927,6162871,2025-07-20,2025-07-20,,
127397535,Rovfjäril,Pieris rapae,30, , , ,1355927,6162871,2025-07-27,2025-07-27,,
127397512,Rovfjäril,Pieris rapae,1, , , ,1355927,6162871,2025-07-27,2025-07-27,,
126316346,Rovfjäril,Pieris rapae,3,imago/adult, , ,1318594,6157242,2025-06-30,2025-06-30,,
125773614,Rovfjäril,Pieris rapae,1,imago/adult, , ,1347583,6154151,2025-06-07,2025-06-07,,
126576274,Rovfjäril,Pieris rapae,1, , ,friflygande,1355351,6176369,2025-07-10,2025-07-10,,
126953942,Rovfjäril,Pieris rapae,1,imago/adult, ,friflygande,1399001,6305723,2025-07-27,2025-07-27,,
128322034,Rovfjäril,Pieris rapae,10,imago/adult, ,friflygande,1318710,6144610,2025-09-07,2025-09-07,,
127011320,Rovfjäril,Pieris rapae,2,imago/adult, ,friflygande,1416043,6210249,2025-07-29,2025-07-29,,
127836769,Rovfjäril,Pieris rapae,1,imago/adult, ,friflygande,1384437,6299341,2025-08-26,2025-08-26,,
126751541,Rovfjäril,Pieris rapae,4,imago/adult, ,friflygande,1400836,6302960,2025-07-18,2025-07-18,,
127324421,Rovfjäril,Pieris rapae,7,imago/adult, ,friflygande,1400836,6302960,2025-08-08,2025-08-08,,
126681184,Rovfjäril,Pieris rapae,1, , ,friflygande,1397725,6366315,2025-07-15,2025-07-15,,
127324594,Rovfjäril,Pieris rapae,3,imago/adult, ,friflygande,1385145,6306150,2025-08-08,2025-08-08,,
128189743,Rovfjäril,Pieris rapae,3,imago/adult, ,friflygande,1389602,6293947,2025-09-03,2025-09-03,,
126985923,Rovfjäril,Pieris rapae,1,imago/adult, ,friflygande,1386330,6305241,2025-07-28,2025-07-28,,
126790191,Rovfjäril,Pieris rapae,1,imago/adult, ,friflygande,1395312,6308554,2025-07-20,2025-07-20,,
125078850,Rovfjäril,Pieris rapae,1,imago/adult, ,friflygande,1387266,6304462,2025-05-14,2025-05-14,,
126543783,Rovfjäril,Pieris rapae,1,imago/adult, ,friflygande,1393868,6305370,2025-07-09,2025-07-09,,
127766435,Rovfjäril,Pieris rapae,12,imago/adult, ,friflygande,1385233,6303552,2025-08-23,2025-08-23,,
128213744,Rovfjäril,Pieris rapae,1,imago/adult, ,friflygande,1389602,6293947,2025-09-04,2025-09-04,,
127451299,Rovfjäril,Pieris rapae,1,imago/adult, ,friflygande,1384437,6299341,2025-08-13,2025-08-13,,
126408292,Rovfjäril,Pieris rapae,2,imago/adult, ,friflygande,1393868,6305370,2025-07-04,2025-07-04,,
127348382,Rovfjäril,Pieris rapae,1,imago/adult, ,friflygande,1385233,6303552,2025-08-09,2025-08-09,,
128082815,Rovfjäril,Pieris rapae,2,imago/adult, ,friflygande,1385233,6303552,2025-08-30,2025-08-30,,
126789565,Rovfjäril,Pieris rapae,22,imago/adult, ,friflygande,1400836,6302960,2025-07-20,2025-07-20,,
127451441,Rovfjäril,Pieris rapae,4,imago/adult, ,friflygande,1400836,6302960,2025-08-13,2025-08-13,,
128564429,Rovfjäril,Pieris rapae,1,imago/adult, ,friflygande,1389602,6293947,2025-09-20,2025-09-20,,
128393481,Rovfjäril,Pieris rapae,10,imago/adult, ,friflygande,1385233,6303552,2025-09-12,2025-09-12,,
128189903,Rovfjäril,Pieris rapae,15,imago/adult, ,friflygande,1385233,6303552,2025-09-03,2025-09-03,,
126814511,Rovfjäril,Pieris rapae,7,imago/adult, ,friflygande,1400836,6302960,2025-07-21,2025-07-21,,
127687407,Rovfjäril,Pieris rapae,3,imago/adult, ,friflygande,1389602,6293947,2025-08-19,2025-08-19,,
127724218,Rovfjäril,Pieris rapae,1,imago/adult, ,friflygande,1389602,6293947,2025-08-21,2025-08-21,,
128418029,Rovfjäril,Pieris rapae,1,imago/adult, ,friflygande,1385233,6303552,2025-09-13,2025-09-13,,
127766399,Rovfjäril,Pieris rapae,2,imago/adult, ,friflygande,1389602,6293947,2025-08-23,2025-08-23,,
127133115,Rovfjäril,Pieris rapae,1,imago/adult,,friflygande,1553649,6423985,2025-07-30,2025-07-30,,
127132948,Rovfjäril,Pieris rapae,1,imago/adult,,friflygande,1558933,6429469,2025-08-01,2025-08-01,,
127133653,Rovfjäril,Pieris rapae,1,imago/adult,,friflygande,1556816,6416619,2025-07-09,2025-07-09,,
127133226,Rovfjäril,Pieris rapae,2,imago/adult,,friflygande,1556391,6416878,2025-07-30,2025-07-30,,
127132971,Rovfjäril,Pieris rapae,2,imago/adult,,friflygande,1549856,6427387,2025-07-30,2025-07-30,,
127132909,Rovfjäril,Pieris rapae,1,imago/adult,,friflygande,1553465,6425610,2025-07-30,2025-07-30,,
127133097,Rovfjäril,Pieris rapae,1,imago/adult,,friflygande,1551326,6426758,2025-07-30,2025-07-30,,
127133273,Rovfjäril,Pieris rapae,5,imago/adult,,friflygande,1552269,6435149,2025-07-28,2025-07-28,,
127133733,Rovfjäril,Pieris rapae,1,imago/adult,,friflygande,1551423,6434359,2025-07-09,2025-07-09,,
127133139,Rovfjäril,Pieris rapae,2,imago/adult,,friflygande,1553732,6424282,2025-07-30,2025-07-30,,
126432813,Rovfjäril,Pieris rapae,1,imago/adult,,friflygande,1556816,6416619,2025-07-01,2025-07-01,,
127133698,Rovfjäril,Pieris rapae,1,imago/adult,,friflygande,1535492,6437245,2025-07-14,2025-07-14,,
127133047,Rovfjäril,Pieris rapae,1,imago/adult,,friflygande,1552985,6435416,2025-07-28,2025-07-28,,
127133540,Rovfjäril,Pieris rapae,1,imago/adult,,friflygande,1553732,6424282,2025-07-10,2025-07-10,,
127133035,Rovfjäril,Pieris rapae,1,imago/adult,,friflygande,1539098,6433941,2025-07-28,2025-07-28,,
127133161,Rovfjäril,Pieris rapae,3,imago/adult,,friflygande,1556137,6423583,2025-07-30,2025-07-30,,
125507405,Rovfjäril,Pieris rapae,5,imago/adult, ,friflygande,1670410,6576632,2025-05-29,2025-05-29,,
127266114,Rovfjäril,Pieris rapae,2,imago/adult, ,födosökande,1546645,6454693,2025-08-05,2025-08-05,,
125656862,Rovfjäril,Pieris rapae,1,imago/adult, ,vilande,1547188,6453976,2025-06-03,2025-06-03,,
127776395,Rovfjäril,Pieris rapae,1,imago/adult, ,födosökande,1545974,6455190,2025-08-24,2025-08-24,,
125487881,Rovfjäril,Pieris rapae,1,imago/adult, ,vilande,1634500,6568430,2025-05-12,2025-05-12,,
127796515,Rovfjäril,Pieris rapae,1,imago/adult, ,vilande,1634500,6568430,2025-07-06,2025-07-06,,
127154726,Rovfjäril,Pieris rapae,2, , ,friflygande,1386859,6301205,2025-08-04,2025-08-04,,
128111229,Rovfjäril,Pieris rapae,1, , ,frispringande/krypande,1386859,6301205,2025-08-31,2025-08-31,,
131524608,Rovfjäril,Pieris rapae,1, , , ,1352987,6167473,2025-07-13,2025-07-13,,
128594474,Rovfjäril,Pieris rapae,1,imago/adult, ,friflygande,1679640,6373458,2025-09-21,2025-09-21,,
127656480,Rovfjäril,Pieris rapae,1,imago/adult, ,friflygande,1646611,6390498,2025-08-18,2025-08-18,,
128186179,Rovfjäril,Pieris rapae,1,imago/adult, ,friflygande,1676870,6370720,2025-09-03,2025-09-03,,
127463670,Rovfjäril,Pieris rapae,2,imago/adult, ,friflygande,1649081,6393520,2025-08-13,2025-08-13,,
127081693,Rovfjäril,Pieris rapae,1,imago/adult, ,friflygande,1676870,6370720,2025-08-01,2025-08-01,,
126651784,Rovfjäril,Pieris rapae,1,imago/adult, ,friflygande,1676870,6370720,2025-07-14,2025-07-14,,
128929807,Rovfjäril,Pieris rapae,2,imago/adult, ,friflygande,1338944,6178255,2025-09-20,2025-09-20,,
127130165,Rovfjäril,Pieris rapae,2,imago/adult,,födosökande,1495328,6719283,2025-08-03,2025-08-03,,
127155856,Rovfjäril,Pieris rapae,5,imago/adult,,födosökande,1548460,6753334,2025-08-04,2025-08-04,,
127667486,Rovfjäril,Pieris rapae,3,imago/adult, ,friflygande,1347664,6154600,2025-08-18,2025-08-18,,
127667346,Rovfjäril,Pieris rapae,2,imago/adult, ,friflygande,1348274,6153118,2025-08-18,2025-08-18,,
126769240,Rovfjäril,Pieris rapae,3,imago/adult, ,friflygande,1350363,6140511,2025-07-19,2025-07-19,,
127455896,Rovfjäril,Pieris rapae,2,imago/adult, ,friflygande,1347738,6154274,2025-08-08,2025-08-08,,
127667368,Rovfjäril,Pieris rapae,1,imago/adult, ,friflygande,1348548,6153118,2025-08-18,2025-08-18,,
126769104,Rovfjäril,Pieris rapae,1,imago/adult, ,friflygande,1350034,6139901,2025-07-19,2025-07-19,,
126500103,Rovfjäril,Pieris rapae,1,imago/adult, ,friflygande,1350363,6140511,2025-07-02,2025-07-02,,
127017580,Rovfjäril,Pieris rapae,1,imago/adult, ,friflygande,1350754,6140534,2025-07-29,2025-07-29,,
127844671,Rovfjäril,Pieris rapae,3,imago/adult, ,friflygande,1350826,6140347,2025-08-26,2025-08-26,,
126499897,Rovfjäril,Pieris rapae,1,imago/adult, ,friflygande,1348705,6153043,2025-07-01,2025-07-01,,
127456120,Rovfjäril,Pieris rapae,7,imago/adult, ,friflygande,1348429,6153062,2025-08-08,2025-08-08,,
127456233,Rovfjäril,Pieris rapae,2,imago/adult, ,friflygande,1348705,6153043,2025-08-08,2025-08-08,,
127455653,Rovfjäril,Pieris rapae,1,imago/adult, ,friflygande,1347456,6154508,2025-08-08,2025-08-08,,
127844611,Rovfjäril,Pieris rapae,3,imago/adult, ,friflygande,1350142,6139958,2025-08-26,2025-08-26,,
126661289,Rovfjäril,Pieris rapae,4,imago/adult, ,friflygande,1347630,6154462,2025-07-14,2025-07-14,,
127017614,Rovfjäril,Pieris rapae,7,imago/adult, ,friflygande,1350071,6140187,2025-07-29,2025-07-29,,
127667431,Rovfjäril,Pieris rapae,7,imago/adult, ,friflygande,1347630,6154462,2025-08-18,2025-08-18,,
126500030,Rovfjäril,Pieris rapae,1,imago/adult, ,friflygande,1350826,6140347,2025-07-02,2025-07-02,,
126499376,Rovfjäril,Pieris rapae,1,imago/adult, ,friflygande,1347636,6154087,2025-07-01,2025-07-01,,
127455607,Rovfjäril,Pieris rapae,4,imago/adult, ,friflygande,1347630,6154462,2025-08-08,2025-08-08,,
127455877,Rovfjäril,Pieris rapae,1,imago/adult, ,friflygande,1347738,6154431,2025-08-08,2025-08-08,,
127667512,Rovfjäril,Pieris rapae,17,imago/adult, ,friflygande,1347839,6154595,2025-08-18,2025-08-18,,
127455750,Rovfjäril,Pieris rapae,2,imago/adult, ,friflygande,1347664,6154600,2025-08-08,2025-08-08,,
127455237,Rovfjäril,Pieris rapae,4,imago/adult, ,friflygande,1350363,6140511,2025-08-13,2025-08-13,,
127455122,Rovfjäril,Pieris rapae,1,imago/adult, ,friflygande,1350291,6140035,2025-08-13,2025-08-13,,
126661364,Rovfjäril,Pieris rapae,4,imago/adult, ,friflygande,1347502,6154618,2025-07-14,2025-07-14,,
126661770,Rovfjäril,Pieris rapae,2,imago/adult, ,friflygande,1348274,6153118,2025-07-14,2025-07-14,,
126769238,Rovfjäril,Pieris rapae,1,imago/adult, ,friflygande,1350586,6140661,2025-07-19,2025-07-19,,
127667541,Rovfjäril,Pieris rapae,2,imago/adult, ,friflygande,1347738,6154274,2025-08-18,2025-08-18,,
126499822,Rovfjäril,Pieris rapae,1,imago/adult, ,friflygande,1348143,6153198,2025-07-01,2025-07-01,,
127456200,Rovfjäril,Pieris rapae,1,imago/adult, ,friflygande,1348548,6153118,2025-08-08,2025-08-08,,
126769154,Rovfjäril,Pieris rapae,1,imago/adult, ,friflygande,1350291,6140035,2025-07-19,2025-07-19,,
127844690,Rovfjäril,Pieris rapae,1,imago/adult, ,friflygande,1350754,6140534,2025-08-26,2025-08-26,,
127455813,Rovfjäril,Pieris rapae,2,imago/adult, ,friflygande,1347839,6154595,2025-08-08,2025-08-08,,
127455976,Rovfjäril,Pieris rapae,1,imago/adult, ,friflygande,1347914,6154486,2025-08-08,2025-08-08,,
127017539,Rovfjäril,Pieris rapae,1,imago/adult, ,friflygande,1350560,6140191,2025-07-29,2025-07-29,,
127667533,Rovfjäril,Pieris rapae,3,imago/adult, ,friflygande,1347738,6154431,2025-08-18,2025-08-18,,
127667585,Rovfjäril,Pieris rapae,1,imago/adult, ,friflygande,1347914,6154486,2025-08-18,2025-08-18,,
126661451,Rovfjäril,Pieris rapae,4,imago/adult, ,friflygande,1347839,6154595,2025-07-14,2025-07-14,,
127455247,Rovfjäril,Pieris rapae,1,imago/adult, ,friflygande,1350071,6140187,2025-08-13,2025-08-13,,
126499410,Rovfjäril,Pieris rapae,1,imago/adult, ,friflygande,1347537,6154305,2025-07-01,2025-07-01,,
127017556,Rovfjäril,Pieris rapae,4,imago/adult, ,friflygande,1350826,6140347,2025-07-29,2025-07-29,,
127456070,Rovfjäril,Pieris rapae,3,imago/adult, ,friflygande,1348143,6153198,2025-08-08,2025-08-08,,
126661412,Rovfjäril,Pieris rapae,1,imago/adult, ,friflygande,1347664,6154600,2025-07-14,2025-07-14,,
126661530,Rovfjäril,Pieris rapae,1,imago/adult, ,friflygande,1347853,6154295,2025-07-14,2025-07-14,,
126661798,Rovfjäril,Pieris rapae,1,imago/adult, ,friflygande,1348429,6153062,2025-07-14,2025-07-14,,
126769255,Rovfjäril,Pieris rapae,4,imago/adult, ,friflygande,1350071,6140187,2025-07-19,2025-07-19,,
127844604,Rovfjäril,Pieris rapae,3,imago/adult, ,friflygande,1350034,6139901,2025-08-26,2025-08-26,,
126769200,Rovfjäril,Pieris rapae,1,imago/adult, ,friflygande,1350560,6140191,2025-07-19,2025-07-19,,
127667333,Rovfjäril,Pieris rapae,1,imago/adult, ,friflygande,1348143,6153198,2025-08-18,2025-08-18,,
126499434,Rovfjäril,Pieris rapae,1,imago/adult, ,friflygande,1347630,6154462,2025-07-01,2025-07-01,,
126661737,Rovfjäril,Pieris rapae,1,imago/adult, ,friflygande,1348143,6153198,2025-07-14,2025-07-14,,
127844643,Rovfjäril,Pieris rapae,5,imago/adult, ,friflygande,1350291,6140035,2025-08-26,2025-08-26,,
127667602,Rovfjäril,Pieris rapae,2,imago/adult, ,friflygande,1348016,6154569,2025-08-18,2025-08-18,,
126769225,Rovfjäril,Pieris rapae,2,imago/adult, ,friflygande,1350826,6140347,2025-07-19,2025-07-19,,
126769226,Rovfjäril,Pieris rapae,2,imago/adult, ,friflygande,1350754,6140534,2025-07-19,2025-07-19,,
127667457,Rovfjäril,Pieris rapae,6,imago/adult, ,friflygande,1347502,6154618,2025-08-18,2025-08-18,,
127844713,Rovfjäril,Pieris rapae,8,imago/adult, ,friflygande,1350363,6140511,2025-08-26,2025-08-26,,
127844735,Rovfjäril,Pieris rapae,2,imago/adult, ,friflygande,1350071,6140187,2025-08-26,2025-08-26,,
127667453,Rovfjäril,Pieris rapae,1,imago/adult, ,friflygande,1347456,6154508,2025-08-18,2025-08-18,,
126810367,Rovfjäril,Pieris rapae,2,,,,1608562,6639842,2025-07-20,2025-07-20,,
127055452,Rovfjäril,Pieris rapae,noterad,,,,1608562,6639842,2025-07-28,2025-07-28,,
126855453,Rovfjäril,Pieris rapae,1,,,,1608562,6639842,2025-07-21,2025-07-21,,
127336155,Rovfjäril,Pieris rapae,2,,,,1608562,6639842,2025-08-07,2025-08-07,,
126739527,Rovfjäril,Pieris rapae,2,,,,1608562,6639842,2025-07-17,2025-07-17,,
126904831,Rovfjäril,Pieris rapae,6,,,,1608562,6639842,2025-07-23,2025-07-23,,
128759057,Rovfjäril,Pieris rapae,1,imago/adult, , ,1316418,6158854,2025-09-28,2025-09-28,,
127356890,Rovfjäril,Pieris rapae,noterad, , , ,1317581,6158883,2025-08-09,2025-08-09,,
127165119,Rovfjäril,Pieris rapae,1,imago/adult, , ,1294755,6480522,2025-08-03,2025-08-03,,
127060227,Rovfjäril,Pieris rapae,1,imago/adult, , ,1294755,6480522,2025-07-25,2025-07-25,,
125042764,Rovfjäril,Pieris rapae,1,imago/adult, ,friflygande,1549870,6280010,2025-05-13,2025-05-13,,
126792326,Rovfjäril,Pieris rapae,1,imago/adult, , ,1391820,6141060,2025-07-18,2025-07-18,,
127752959,Rovfjäril,Pieris rapae,1,imago/adult, , ,1440833,6228545,2025-08-18,2025-08-18,Vilande.,
126721872,Rovfjäril,Pieris rapae,1,imago/adult, ,födosökande,1499960,6442750,2025-07-17,2025-07-17,Födosökande på lavendel.,
128359413,Rovfjäril,Pieris rapae,1,imago/adult, ,födosökande,1499960,6442750,2025-09-10,2025-09-10,Födosökande på isop.,
127804696,Rovfjäril,Pieris rapae,1,imago/adult, ,födosökande,1499960,6442750,2025-08-25,2025-08-25,,
126864289,Rovfjäril,Pieris rapae,4,imago/adult, ,födosökande,1499960,6442750,2025-07-23,2025-07-23,Födosökande på Jätteverbena (Verbena bonariensis).,
127003749,Rovfjäril,Pieris rapae,1,imago/adult, ,äggläggande,1543576,6421006,2025-07-28,2025-07-28,,
127046343,Rovfjäril,Pieris rapae,1,imago/adult, ,födosökande,1530444,6410792,2025-07-30,2025-07-30,,
125063129,Rovfjäril,Pieris rapae,1,imago/adult, ,friflygande,1522372,6432644,2025-05-13,2025-05-13,,
127006488,Rovfjäril,Pieris rapae,1,imago/adult, ,födosökande,1525559,6273750,2025-07-27,2025-07-27,,
127609483,Rovfjäril,Pieris rapae,1,imago/adult, ,födosökande,1530444,6410792,2025-08-14,2025-08-14,,
126585571,Rovfjäril,Pieris rapae,1,imago/adult, ,födosökande,1559086,6421624,2025-07-10,2025-07-10,,
127356416,Rovfjäril,Pieris rapae,1,imago/adult, ,födosökande,1530444,6410792,2025-08-08,2025-08-08,,
126918926,Rovfjäril,Pieris rapae,2,imago/adult, ,födosökande,1530444,6410792,2025-07-24,2025-07-24,,
127305615,Rovfjäril,Pieris rapae,1,imago/adult, ,födosökande,1530444,6410792,2025-08-07,2025-08-07,,
126552205,Rovfjäril,Pieris rapae,3,imago/adult, ,friflygande,1530444,6410792,2025-07-09,2025-07-09,,
127003755,Rovfjäril,Pieris rapae,3,imago/adult, ,födosökande,1543576,6421006,2025-07-28,2025-07-28,,
128208308,Rovfjäril,Pieris rapae,1,imago/adult, ,födosökande,1399610,6276630,2025-09-04,2025-09-04,"trädgård, på vialblom",
126862018,Rovfjäril,Pieris rapae,2, , ,friflygande,1399610,6276630,2025-07-23,2025-07-23,ängar inom 50 m från huset,
126714793,Rovfjäril,Pieris rapae,1, , ,friflygande,1399610,6276630,2025-07-17,2025-07-17,,
129586914,Rovfjäril,Pieris rapae,2,imago/adult,,friflygande,1401054,6277206,2025-07-28,2025-07-28,1 V jv.,
129586230,Rovfjäril,Pieris rapae,5,imago/adult,,friflygande,1401054,6277206,2025-07-24,2025-07-24,2 V jv.,
129587919,Rovfjäril,Pieris rapae,2,imago/adult,,friflygande,1401054,6277206,2025-08-26,2025-08-26,V jv.,
127601763,Rovfjäril,Pieris rapae,1,imago/adult,,friflygande,1401054,6277206,2025-05-06,2025-05-06,Ö jv.,
129587927,Rovfjäril,Pieris rapae,2,imago/adult,,friflygande,1401054,6277206,2025-08-18,2025-08-18,1 V jv.,
129588897,Rovfjäril,Pieris rapae,3,imago/adult,,friflygande,1401054,6277206,2025-08-31,2025-08-31,2 V jv.,
129587935,Rovfjäril,Pieris rapae,1,imago/adult,,friflygande,1401054,6277206,2025-08-17,2025-08-17,V jv.,
126828724,Rovfjäril,Pieris rapae,1,imago/adult, ,friflygande,1592300,6563090,2025-07-19,2025-07-19,,
128235812,Rovfjäril,Pieris rapae,1,imago/adult, ,vilande,1592300,6563090,2025-09-05,2025-09-05,,
128315740,Rovfjäril,Pieris rapae,2,imago/adult, ,födosökande,1592300,6563090,2025-09-07,2025-09-07,,
127049294,Rovfjäril,Pieris rapae,1,imago/adult, ,födosökande,1592300,6563090,2025-07-26,2025-07-26,,
127695031,Rovfjäril,Pieris rapae,1,imago/adult, ,friflygande,1523851,6619336,2025-08-10,2025-08-10,,
129106213,Rovfjäril,Pieris rapae,noterad,imago/adult, , ,1436853,6294094,2025-07-30,2025-07-30,,
126361640,Rovfjäril,Pieris rapae,1, , , ,1282494,6403599,2025-07-02,2025-07-02,,
126904028,Rovfjäril,Pieris rapae,1, , , ,1346467,6495768,2025-07-23,2025-07-23,,
128593805,Rovfjäril,Pieris rapae,1, , , ,1279883,6402614,2025-09-20,2025-09-20,,
125733481,Rovfjäril,Pieris rapae,noterad, , , ,1279764,6407797,2025-06-05,2025-06-05,,
126545517,Rovfjäril,Pieris rapae,noterad, , , ,1281489,6406249,2025-07-09,2025-07-09,,
128282076,Rovfjäril,Pieris rapae,2, , , ,1279883,6402614,2025-09-07,2025-09-07,,
126752978,Rovfjäril,Pieris rapae,noterad, , , ,1298801,6230803,2025-07-18,2025-07-18,,
125872699,Rovfjäril,Pieris rapae,noterad, , , ,1281489,6406249,2025-06-11,2025-06-11,,
128728097,Rovfjäril,Pieris rapae,3, , , ,1279764,6407797,2025-09-25,2025-09-25,,
126724312,Rovfjäril,Pieris rapae,noterad, , , ,1280050,6402718,2025-07-17,2025-07-17,,
126636917,Rovfjäril,Pieris rapae,1,imago/adult, ,friflygande,1428741,6329968,2025-07-13,2025-07-13,,
127104874,Rovfjäril,Pieris rapae,1,imago/adult,,vilande,1455177,6365307,2025-08-02,2025-08-02,,
127445011,Rovfjäril,Pieris rapae,1,imago/adult, , ,1303000,6306100,2025-08-13,2025-08-13,,
128571767,Rovfjäril,Pieris rapae,1, , , ,1344296,6492243,2025-09-20,2025-09-20,,
124664282,Rovfjäril,Pieris rapae,1, , , ,1348614,6488996,2025-05-02,2025-05-02,,
125714041,Rovfjäril,Pieris rapae,1,imago/adult,,friflygande,1397688,6553315,2025-06-05,2025-06-05,,
126864696,Rovfjäril,Pieris rapae,2,imago/adult, , ,1329547,6274447,2025-07-23,2025-07-23,,
125229444,Rovfjäril,Pieris rapae,2, , ,friflygande,1614805,6592844,2025-05-19,2025-05-19,,
127282255,Rovfjäril,Pieris rapae,2, , , ,1259611,6440620,2025-08-06,2025-08-06,,
125844115,Rovfjäril,Pieris rapae,1,imago/adult, ,revirhävdande,1603869,6634606,2025-06-10,2025-06-10,,
126525275,Rovfjäril,Pieris rapae,1,imago/adult, , ,1540778,6326321,2025-07-08,2025-07-08,,
122197632,Rovfjäril,Pieris rapae,1,imago/adult,hane,friflygande,1629321,6595725,2025-01-16,2025-01-16,Vi har en rovfjäril i köket trots att det är vinter. Den är vaken och flyger omkring. Vi testar att sätta ut olika sorters mat som den kan tänkas tycka om. Den heter numera Bob.,
127050497,Rovfjäril,Pieris rapae,1,imago/adult, ,födosökande,1585523,6717473,2025-07-30,2025-07-30,,
125645113,Rovfjäril,Pieris rapae,1,imago/adult, ,födosökande,1501230,6224270,2025-06-02,2025-06-02,,
127331180,Rovfjäril,Pieris rapae,4, , , ,1308374,6432071,2025-08-07,2025-08-07,,
126973818,Rovfjäril,Pieris rapae,noterad,,,,1590280,6718346,2025-07-25,2025-07-25,,
128113766,Rovfjäril,Pieris rapae,1,larv/nymf, ,födosökande,1464760,6568263,2025-08-31,2025-08-31,På indiankrasse.,
128644228,Rovfjäril,Pieris rapae,1,larv/nymf, ,frispringande/krypande,1487905,6561545,2025-09-23,2025-09-23,,
125829450,Rovfjäril,Pieris rapae,1,imago/adult, ,friflygande,1626103,6591102,2025-06-09,2025-06-09,,
128723580,Rovfjäril,Pieris rapae,1, , , ,1645407,6558295,2025-09-26,2025-09-26,,
126999002,Rovfjäril,Pieris rapae,1,imago/adult, ,friflygande,1623660,6536920,2025-07-27,2025-07-27,,
126936989,Rovfjäril,Pieris rapae,1,imago/adult, ,födosökande,1351573,6351006,2025-07-26,2025-07-26,,
127396446,Rovfjäril,Pieris rapae,1, ,hane,födosökande,1714196,7378532,2025-08-11,2025-08-11,,
127003340,Rovfjäril,Pieris rapae,1,imago/adult, , ,1465046,6557619,2025-07-25,2025-07-25,,
126611639,Rovfjäril,Pieris rapae,1,imago/adult, ,friflygande,1272833,6417015,2025-07-12,2025-07-12,,
126975919,Rovfjäril,Pieris rapae,noterad,,,,1302986,6503435,2025-07-28,2025-07-28,,
127032516,Rovfjäril,Pieris rapae,1,,hona,,1318424,6145142,2025-07-29,2025-07-29,,
126827966,Rovfjäril,Pieris rapae,noterad, , , ,1450540,6250316,2025-07-21,2025-07-21,,
124773646,Rovfjäril,Pieris rapae,1,imago/adult, , ,1281244,6385486,2025-05-05,2025-05-05,,
131369239,Rovfjäril,Pieris rapae,1,imago/adult,,friflygande,1588620,6620512,2025-07-17,2025-07-17,Inventering utförd av AFRY,
127430239,Rovfjäril,Pieris rapae,2, , ,födosökande,1464740,6569100,2025-08-12,2025-08-12,,
126982532,Rovfjäril,Pieris rapae,1,imago/adult, ,födosökande,1451677,6611956,2025-07-25,2025-07-25,,
125108944,Rovfjäril,Pieris rapae,1, ,hona, ,1297349,6313979,2025-05-15,2025-05-15,,
126844282,Rovfjäril,Pieris rapae,noterad, , , ,1284109,6336664,2025-07-21,2025-07-21,,
124727471,Rovfjäril,Pieris rapae,1,imago/adult, ,friflygande,1621940,6571240,2025-05-03,2025-05-03,,
127057206,Rovfjäril,Pieris rapae,1, , ,födosökande,1330541,6402073,2025-07-31,2025-07-31,,
127318823,Rovfjäril,Pieris rapae,1,,,,1321040,6191243,2025-08-06,2025-08-06,,
126768028,Rovfjäril,Pieris rapae,1, , , ,1473820,6549490,2025-07-19,2025-07-19,,
126016431,Rovfjäril,Pieris rapae,1,imago/adult, , ,1623017,6533510,2025-06-17,2025-06-17,,
126895272,Rovfjäril,Pieris rapae,2, , ,friflygande,1362207,6503408,2025-07-22,2025-07-22,,
127662248,Rovfjäril,Pieris rapae,1,imago/adult, ,födosökande,1626773,6583236,2025-08-18,2025-08-18,,
125046202,Rovfjäril,Pieris rapae,noterad,imago/adult, ,friflygande,1286776,6410588,2025-05-13,2025-05-13,,
126748924,Rovfjäril,Pieris rapae,noterad,imago/adult, ,friflygande,1301770,6224860,2025-07-18,2025-07-18,,
126797323,Rovfjäril,Pieris rapae,noterad,imago/adult, ,födosökande,1329474,6227910,2025-07-19,2025-07-19,,
127010102,Rovfjäril,Pieris rapae,noterad,imago/adult, , ,1252703,6405621,2025-07-29,2025-07-29,,
126889996,Rovfjäril,Pieris rapae,1,imago/adult, ,födosökande,1548810,6602670,2025-07-24,2025-07-24,På hampflockel och åkertistel,Sjöstrand
128595993,Rovfjäril,Pieris rapae,1,imago/adult, ,födosökande,1466904,6572445,2025-09-21,2025-09-21,,
128398875,Rovfjäril,Pieris rapae,1,imago/adult, , ,1314224,6226141,2025-09-12,2025-09-12,,
125129218,Rovfjäril,Pieris rapae,1, , ,friflygande,1486793,6478218,2025-05-16,2025-05-16,,
127036351,Rovfjäril,Pieris rapae,1,imago/adult, ,vilande,1487722,6475964,2025-07-30,2025-07-30,,
126570490,Rovfjäril,Pieris rapae,1, , ,födosökande,1546053,6262249,2025-07-10,2025-07-10,,
128332872,Rovfjäril,Pieris rapae,noterad,imago/adult, ,födosökande,1389531,6141436,2025-09-09,2025-09-09,,
124104350,Rovfjäril,Pieris rapae,1,imago/adult, ,friflygande,1513360,6342620,2025-04-15,2025-04-15,,
126959362,Rovfjäril,Pieris rapae,noterad,imago/adult, , ,1601876,6639278,2025-07-27,2025-07-27,,
125078799,Rovfjäril,Pieris rapae,1, , , ,1318417,6622801,2025-05-14,2025-05-14,,
127093898,Rovfjäril,Pieris rapae,noterad,imago/adult, ,friflygande,1336886,6221089,2025-08-01,2025-08-01,,
127770881,Rovfjäril,Pieris rapae,1,imago/adult,,,1578419,6586848,2025-08-24,2025-08-24,,
133057423,Rovfjäril,Pieris rapae,2, ,hane,friflygande,1599990,6631990,2025-08-12,2025-08-12,,
125043460,Rovfjäril,Pieris rapae,noterad, , , ,1619465,6595806,2025-05-11,2025-05-11,,
127060501,Rovfjäril,Pieris rapae,noterad,imago/adult, ,friflygande,1448042,6394309,2025-07-31,2025-07-31,,
126518596,Rovfjäril,Pieris rapae,1,imago/adult, ,friflygande,1268300,6407525,2025-07-08,2025-07-08,,
126872437,Rovfjäril,Pieris rapae,2, , , ,1614448,6614005,2025-07-20,2025-07-20,,
125505968,Rovfjäril,Pieris rapae,noterad, , , ,1532305,6482076,2025-05-29,2025-05-29,,
128494837,Rovfjäril,Pieris rapae,3,imago/adult, ,friflygande,1622402,6561989,2025-09-12,2025-09-12,,
128068433,Rovfjäril,Pieris rapae,4,,,,1639460,6376950,2025-08-28,2025-08-28,,
126914622,Rovfjäril,Pieris rapae,noterad,,,,1357446,6172635,2025-07-18,2025-07-18,,
127425475,Rovfjäril,Pieris rapae,2, , ,födosökande,1455530,6367120,2025-08-12,2025-08-12,I buddlejan.,
127911113,Rovfjäril,Pieris rapae,1,imago/adult, ,födosökande,1477510,6432610,2025-08-24,2025-08-24,,
127483318,Rovfjäril,Pieris rapae,noterad, , ,friflygande,1624500,6708741,2025-08-10,2025-08-10,,
127771827,Rovfjäril,Pieris rapae,20,imago/adult, ,födosökande,1279492,6353084,2025-08-24,2025-08-24,,
125263816,Rovfjäril,Pieris rapae,noterad, , ,friflygande,1424645,6312298,2025-05-19,2025-05-19,,
124507290,Rovfjäril,Pieris rapae,1,,,,1337313,6242075,2025-04-27,2025-04-27,,
125240665,Rovfjäril,Pieris rapae,noterad,,,,1491451,6249372,2025-05-19,2025-05-19,,
126884951,Rovfjäril,Pieris rapae,1, , , ,1257335,6423478,2025-07-22,2025-07-22,,
126623333,Rovfjäril,Pieris rapae,1, , ,friflygande,1623816,6535020,2025-07-13,2025-07-13,,
124759213,Rovfjäril,Pieris rapae,noterad,,,,1403105,6209320,2025-04-27,2025-04-27,flera ex,
128592785,Rovfjäril,Pieris rapae,1, , ,födosökande,1306300,6296850,2025-09-20,2025-09-20,,
129030555,Rovfjäril,Pieris rapae,1,imago/adult, ,friflygande,1537400,6349700,2025-10-10,2025-10-10,,
126743501,Rovfjäril,Pieris rapae,1,imago/adult, ,friflygande,1464908,6544332,2025-07-18,2025-07-18,,
127663614,Rovfjäril,Pieris rapae,noterad,imago/adult, , ,1263790,6439040,2025-07-22,2025-07-22,,
127106905,Rovfjäril,Pieris rapae,2,imago/adult, ,födosökande,1335709,6150094,2025-08-02,2025-08-02,,
126299085,Rovfjäril,Pieris rapae,noterad, , ,friflygande,1320543,6190038,2025-06-29,2025-06-29,,
126965191,Rovfjäril,Pieris rapae,noterad,,,,1382207,6149199,2025-07-27,2025-07-27,,
124508762,Rovfjäril,Pieris rapae,1, , ,friflygande,1490199,6230462,2025-04-27,2025-04-27,,
126855325,Rovfjäril,Pieris rapae,1,imago/adult, , ,1465780,6608050,2025-07-22,2025-07-22,,
127108713,Rovfjäril,Pieris rapae,1, , ,födosökande,1385198,6306273,2025-08-02,2025-08-02,,
126817631,Rovfjäril,Pieris rapae,noterad,imago/adult, ,friflygande,1263691,6408549,2025-07-21,2025-07-21,,
125364472,Rovfjäril,Pieris rapae,noterad,,,,1468925,6573353,2025-05-24,2025-05-24,,
125270495,Rovfjäril,Pieris rapae,2,imago/adult, ,friflygande,1508687,6558483,2025-05-20,2025-05-20,,
124561993,Rovfjäril,Pieris rapae,3,imago/adult, ,friflygande,1271126,6402582,2025-04-29,2025-04-29,,
128236563,Rovfjäril,Pieris rapae,1,imago/adult,hona,födosökande,1451116,6289777,2025-09-05,2025-09-05,,
126717930,Rovfjäril,Pieris rapae,noterad, , , ,1284898,6338967,2025-07-17,2025-07-17,,
126904623,Rovfjäril,Pieris rapae,1,imago/adult, ,födosökande,1596989,6648618,2025-07-25,2025-07-25,,
126962857,Rovfjäril,Pieris rapae,2,imago/adult, ,friflygande,1396292,6491459,2025-07-27,2025-07-27,,
126722447,Rovfjäril,Pieris rapae,noterad,,,,1333494,6178583,2025-07-17,2025-07-17,,
125936281,Rovfjäril,Pieris rapae,1,imago/adult, ,friflygande,1625750,6540890,2025-06-13,2025-06-13,,
125659289,Rovfjäril,Pieris rapae,1, , , ,1604255,6634158,2025-06-03,2025-06-03,,
124950909,Rovfjäril,Pieris rapae,noterad,imago/adult, ,födosökande,1440272,6307106,2025-05-01,2025-05-01,,
127179856,Rovfjäril,Pieris rapae,1,imago/adult, ,friflygande,1447703,6393407,2025-08-05,2025-08-05,,
129199274,Rovfjäril,Pieris rapae,5,imago/adult, , ,1529916,6295358,2025-07-27,2025-07-27,,
126849726,Rovfjäril,Pieris rapae,noterad,imago/adult,,,1270378,6379416,2025-07-22,2025-07-22,,
127578113,Rovfjäril,Pieris rapae,1,imago/adult,,friflygande,1627309,6581046,2025-08-15,2025-08-15,,
126939019,Rovfjäril,Pieris rapae,1,imago/adult, , ,1474622,6228280,2025-07-26,2025-07-26,,
127036895,Rovfjäril,Pieris rapae,1,imago/adult, , ,1553735,6418957,2025-07-30,2025-07-30,,
126561374,Rovfjäril,Pieris rapae,noterad, , , ,1440201,6231353,2025-07-10,2025-07-10,,
127048295,Rovfjäril,Pieris rapae,1,imago/adult, ,födosökande,1293630,6478610,2025-07-31,2025-07-31,,
125565891,Rovfjäril,Pieris rapae,1,imago/adult, ,födosökande,1308967,6298437,2025-05-31,2025-05-31,,
126765947,Rovfjäril,Pieris rapae,1,imago/adult, , ,1293785,6395796,2025-07-19,2025-07-19,,
127408710,Rovfjäril,Pieris rapae,15,imago/adult, ,födosökande,1585132,6624716,2025-08-11,2025-08-11,(uppskattat antal; anger minimum),
128389180,Rovfjäril,Pieris rapae,1, , , ,1403440,6201715,2025-09-12,2025-09-12,,
128315896,Rovfjäril,Pieris rapae,1,imago/adult, ,friflygande,1538321,6247712,2025-09-03,2025-09-03,,
126772158,Rovfjäril,Pieris rapae,noterad,,,,1556268,6584946,2025-07-19,2025-07-19,,
127764603,Rovfjäril,Pieris rapae,1,imago/adult,,friflygande,1277291,6350853,2025-08-20,2025-08-20,,
126838486,Rovfjäril,Pieris rapae,2,imago/adult, ,friflygande,1641230,6562290,2025-07-22,2025-07-22,,
126909034,Rovfjäril,Pieris rapae,1,imago/adult, , ,1671092,6614526,2025-07-25,2025-07-25,,
127483014,Rovfjäril,Pieris rapae,1,imago/adult, ,friflygande,1333921,6176914,2025-08-14,2025-08-14,,
127795633,Rovfjäril,Pieris rapae,noterad,imago/adult,,födosökande,1275232,6398961,2025-07-27,2025-07-27,,Trädgård
127650026,Rovfjäril,Pieris rapae,3,imago/adult, ,friflygande,1502647,6464771,2025-07-26,2025-07-26,,lövbryn mot åker
126884374,Rovfjäril,Pieris rapae,1,imago/adult,hane,födosökande,1442150,6458010,2025-07-24,2025-07-24,,
125978053,Rovfjäril,Pieris rapae,1,imago/adult, ,friflygande,1592394,6674756,2025-06-15,2025-06-15,,
127747285,Rovfjäril,Pieris rapae,1,imago/adult, ,friflygande,1435490,6407338,2025-08-22,2025-08-22,,
126959014,Rovfjäril,Pieris rapae,2, , ,födosökande,1547518,6387998,2025-07-27,2025-07-27,På mynta,
126564133,Rovfjäril,Pieris rapae,1,imago/adult, ,friflygande,1333941,6289789,2025-07-10,2025-07-10,,
128501066,Rovfjäril,Pieris rapae,2,imago/adult, ,friflygande,1269827,6422458,2025-09-17,2025-09-17,,
127012575,Rovfjäril,Pieris rapae,1, , , ,1520290,6494773,2025-07-28,2025-07-28,,
124929907,Rovfjäril,Pieris rapae,noterad,imago/adult, , ,1306750,6292880,2025-05-10,2025-05-10,,
127756705,Rovfjäril,Pieris rapae,1,imago/adult, ,friflygande,1266591,6400242,2025-08-23,2025-08-23,,
125609835,Rovfjäril,Pieris rapae,1, , ,födosökande,1625511,6597388,2025-05-31,2025-05-31,,
128055114,Rovfjäril,Pieris rapae,1,imago/adult, , ,1288899,6410418,2025-08-13,2025-08-13,,
128698613,Rovfjäril,Pieris rapae,3, , ,friflygande,1484170,6220140,2025-09-25,2025-09-25,,
127313934,Rovfjäril,Pieris rapae,1,imago/adult, ,friflygande,1557528,6502308,2025-08-03,2025-08-03,,
126870132,Rovfjäril,Pieris rapae,noterad,,,,1580934,6549212,2025-07-22,2025-07-22,,trädgård
126730655,Rovfjäril,Pieris rapae,1, , , ,1551666,6277017,2025-07-17,2025-07-17,,
128475609,Rovfjäril,Pieris rapae,noterad,imago/adult, , ,1551044,6278287,2025-09-14,2025-09-14,,
126749105,Rovfjäril,Pieris rapae,2, , ,födosökande,1245083,6447554,2025-07-18,2025-07-18,,
126745590,Rovfjäril,Pieris rapae,1,imago/adult, ,friflygande,1464923,6544355,2025-07-18,2025-07-18,,
128625324,Rovfjäril,Pieris rapae,1,imago/adult, ,friflygande,1576469,6739604,2025-08-06,2025-08-06,,
126931339,Rovfjäril,Pieris rapae,1,imago/adult, ,friflygande,1317742,6238989,2025-07-26,2025-07-26,På fjärilsbuske,
126762766,Rovfjäril,Pieris rapae,noterad,imago/adult, ,friflygande,1385146,6479811,2025-07-19,2025-07-19,,
126748176,Rovfjäril,Pieris rapae,1, , , ,1494945,6468506,2025-07-18,2025-07-18,,
125060107,Rovfjäril,Pieris rapae,1, , ,vilande,1456238,6233138,2025-05-13,2025-05-13,,
125201147,Rovfjäril,Pieris rapae,noterad, , , ,1320892,6256524,2025-05-18,2025-05-18,,
125713555,Rovfjäril,Pieris rapae,1,imago/adult,hona,födosökande,1326838,6177058,2025-06-05,2025-06-05,,
126414929,Rovfjäril,Pieris rapae,1, , ,friflygande,1501749,6293654,2025-07-03,2025-07-03,,
127744286,Rovfjäril,Pieris rapae,noterad, , ,födosökande,1332353,6225303,2025-08-22,2025-08-22,,
128182072,Rovfjäril,Pieris rapae,1, , ,födosökande,1435547,6212610,2025-09-03,2025-09-03,I stenkyndelblomma,
128526995,Rovfjäril,Pieris rapae,noterad,imago/adult, , ,1535470,6266405,2025-09-18,2025-09-18,,
126906717,Rovfjäril,Pieris rapae,noterad,,,,1270123,6463574,2025-07-25,2025-07-25,,
126782464,Rovfjäril,Pieris rapae,3, , , ,1537505,6271132,2025-07-19,2025-07-19,,
126952904,Rovfjäril,Pieris rapae,1,imago/adult,,,1648192,6668643,2025-07-27,2025-07-27,årets första på torpet!,
126999294,Rovfjäril,Pieris rapae,2,imago/adult, ,födosökande,1568881,6501490,2025-07-28,2025-07-28,,
126103988,Rovfjäril,Pieris rapae,2,imago/adult, ,friflygande,1458227,6472902,2025-06-20,2025-06-20,,
128193481,Rovfjäril,Pieris rapae,3, , ,friflygande,1469954,6578725,2025-09-03,2025-09-03,,
126988144,Rovfjäril,Pieris rapae,1, , , ,1523831,6363867,2025-07-28,2025-07-28,,
127631825,Rovfjäril,Pieris rapae,noterad,imago/adult, , ,1576557,6340047,2025-08-07,2025-08-07,,
126697140,Rovfjäril,Pieris rapae,4,imago/adult, , ,1288123,6338020,2025-07-16,2025-07-16,,
126103032,Rovfjäril,Pieris rapae,1,imago/adult, ,friflygande,1322267,6549328,2025-06-11,2025-06-11,,
126929499,Rovfjäril,Pieris rapae,noterad, , ,födosökande,1566144,6504743,2025-07-22,2025-07-26,,
128718180,Rovfjäril,Pieris rapae,1,imago/adult, ,friflygande,1477774,6498727,2025-09-26,2025-09-26,,
128222903,Rovfjäril,Pieris rapae,1, , ,friflygande,1544543,6281326,2025-09-04,2025-09-04,,
124172068,Rovfjäril,Pieris rapae,1, , ,friflygande,1274950,6404220,2025-04-17,2025-04-17,,
127377021,Rovfjäril,Pieris rapae,2, , ,friflygande,1346452,6488482,2025-08-09,2025-08-09,,
128715728,Rovfjäril,Pieris rapae,1,imago/adult,,friflygande,1604117,6638463,2025-09-26,2025-09-26,,
127041088,Rovfjäril,Pieris rapae,2, , ,friflygande,1285847,6362993,2025-07-30,2025-07-30,,
126850455,Rovfjäril,Pieris rapae,2,imago/adult, ,vilande,1526330,6498230,2025-07-23,2025-07-23,,
124708362,Rovfjäril,Pieris rapae,2,imago/adult, ,friflygande,1646658,6388659,2025-05-02,2025-05-02,,
128928780,Rovfjäril,Pieris rapae,noterad, , , ,1642123,6598866,2025-09-28,2025-09-28,,
126631367,Rovfjäril,Pieris rapae,1,imago/adult, ,friflygande,1335081,6177705,2025-07-13,2025-07-13,,
126740278,Rovfjäril,Pieris rapae,5,imago/adult, ,friflygande,1423752,6408899,2025-07-18,2025-07-18,Cirka.,
127126826,Rovfjäril,Pieris rapae,1,imago/adult, ,födosökande,1634014,6562000,2025-08-03,2025-08-03,,
128104410,Rovfjäril,Pieris rapae,1, , , ,1281760,6359266,2025-08-29,2025-08-31,,
126772017,Rovfjäril,Pieris rapae,noterad,imago/adult, ,friflygande,1353712,6141775,2025-07-19,2025-07-19,,
127652304,Rovfjäril,Pieris rapae,1,imago/adult, ,födosökande,1294911,6330777,2025-08-16,2025-08-16,,
126581479,Rovfjäril,Pieris rapae,1, , ,födosökande,1375584,6145166,2025-07-11,2025-07-11,,
128288946,Rovfjäril,Pieris rapae,2, , ,födosökande,1353948,6232800,2025-09-07,2025-09-07,,
126764958,Rovfjäril,Pieris rapae,1, , ,friflygande,1270836,6372598,2025-07-19,2025-07-19,,
126454709,Rovfjäril,Pieris rapae,1, , ,vilande,1616792,6591062,2025-06-30,2025-06-30,,
127102264,Rovfjäril,Pieris rapae,1, , ,friflygande,1407534,6203528,2025-07-09,2025-07-09,,
131630076,Rovfjäril,Pieris rapae,1,imago/adult,hane,födosökande,1378269,6600411,2025-08-12,2025-08-12,Fotograferad.,
124307163,Rovfjäril,Pieris rapae,noterad,imago/adult, ,friflygande,1357217,6177151,2025-04-21,2025-04-21,,
127407259,Rovfjäril,Pieris rapae,noterad,imago/adult, ,födosökande,1363341,6227226,2025-08-08,2025-08-08,,
128818604,Rovfjäril,Pieris rapae,1,imago/adult, , ,1404332,6200721,2025-07-20,2025-08-12,,Tallbryn på golfbana.
127432311,Rovfjäril,Pieris rapae,1,imago/adult, ,friflygande,1556730,6636450,2025-08-12,2025-08-12,,
127775342,Rovfjäril,Pieris rapae,1, , ,friflygande,1615731,6590278,2025-08-24,2025-08-24,,
127321641,Rovfjäril,Pieris rapae,noterad,,,,1607696,6656713,2025-08-08,2025-08-08,,
126877802,Rovfjäril,Pieris rapae,noterad,imago/adult, , ,1332980,6203650,2025-07-23,2025-07-23,,
125344401,Rovfjäril,Pieris rapae,2,imago/adult, ,födosökande,1318023,6229802,2025-05-07,2025-05-07,,
127661304,Rovfjäril,Pieris rapae,noterad, , , ,1386709,6421779,2025-08-18,2025-08-18,,
126968340,Rovfjäril,Pieris rapae,1,imago/adult, ,friflygande,1541386,6281069,2025-07-19,2025-07-19,,
125231238,Rovfjäril,Pieris rapae,1, , ,friflygande,1537878,6574223,2025-05-19,2025-05-19,,
128343155,Rovfjäril,Pieris rapae,noterad, , ,födosökande,1328423,6226289,2025-09-08,2025-09-08,,
125435853,Rovfjäril,Pieris rapae,1,imago/adult, ,vilande,1599967,6641671,2025-05-26,2025-05-26,,
126617078,Rovfjäril,Pieris rapae,1,imago/adult, ,födosökande,1533393,6293084,2025-06-30,2025-06-30,,
126764604,Rovfjäril,Pieris rapae,1,imago/adult, ,vilande,1299200,6230630,2025-07-18,2025-07-18,,
126747090,Rovfjäril,Pieris rapae,1,imago/adult, , ,1381376,6147416,2025-07-18,2025-07-18,Fjärilsslingan.,
126938415,Rovfjäril,Pieris rapae,noterad,imago/adult, , ,1300149,6515786,2025-07-26,2025-07-26,,
126266060,Rovfjäril,Pieris rapae,1,imago/adult, , ,1432286,6466280,2025-06-25,2025-06-25,,
126855115,Rovfjäril,Pieris rapae,20,imago/adult, ,födosökande,1313469,6255420,2025-07-23,2025-07-23,,
125019323,Rovfjäril,Pieris rapae,2, , ,friflygande,1541264,6257146,2025-05-12,2025-05-12,,
128626382,Rovfjäril,Pieris rapae,1,imago/adult, ,friflygande,1456373,6264388,2025-09-22,2025-09-22,,
126814910,Rovfjäril,Pieris rapae,1, , , ,1477370,6658920,2025-07-21,2025-07-21,,
127931060,Rovfjäril,Pieris rapae,1,imago/adult,hane,födosökande,1434908,7007082,2025-08-27,2025-08-27,,
126983859,Rovfjäril,Pieris rapae,10,imago/adult, ,friflygande,1334200,6226920,2025-07-28,2025-07-28,,
126786719,Rovfjäril,Pieris rapae,1,imago/adult, , ,1623158,6588023,2025-07-20,2025-07-20,På åkertistel,
127651673,Rovfjäril,Pieris rapae,1,imago/adult, ,friflygande,1436816,6775319,2025-08-17,2025-08-17,,
126947801,Rovfjäril,Pieris rapae,1,imago/adult, ,födosökande,1666790,6568860,2025-07-27,2025-07-27,,
127760674,Rovfjäril,Pieris rapae,1,imago/adult, ,födosökande,1400274,6573221,2025-08-23,2025-08-23,,parkliknande skogsområde med örtrikt fältskikt
127482044,Rovfjäril,Pieris rapae,noterad, , ,friflygande,1629535,6568652,2025-08-14,2025-08-14,,
127375384,Rovfjäril,Pieris rapae,1,imago/adult, ,födosökande,1363262,6164556,2025-08-10,2025-08-10,,
126560107,Rovfjäril,Pieris rapae,3,imago/adult, ,friflygande,1267050,6416087,2025-07-10,2025-07-10,,
126658131,Rovfjäril,Pieris rapae,noterad,imago/adult, , ,1306884,6219245,2025-07-14,2025-07-14,,
126920144,Rovfjäril,Pieris rapae,1,imago/adult, ,friflygande,1468288,6234858,2025-07-21,2025-07-21,,
126854900,Rovfjäril,Pieris rapae,1, , , ,1565056,6592945,2025-07-09,2025-07-09,,
126863236,Rovfjäril,Pieris rapae,1,imago/adult, ,friflygande,1271851,6394743,2025-07-23,2025-07-23,,
124810678,Rovfjäril,Pieris rapae,1,imago/adult, ,friflygande,1328261,6142105,2025-05-06,2025-05-06,,
125287826,Rovfjäril,Pieris rapae,1,imago/adult, ,friflygande,1621790,6561790,2025-05-19,2025-05-19,,
127001475,Rovfjäril,Pieris rapae,1,imago/adult, ,födosökande,1554318,6290390,2025-07-09,2025-07-09,,
127398140,Rovfjäril,Pieris rapae,8,imago/adult, ,födosökande,1549917,6404867,2025-08-11,2025-08-11,,
128598563,Rovfjäril,Pieris rapae,1,imago/adult, ,födosökande,1653105,6336145,2025-09-20,2025-09-20,,
128402271,Rovfjäril,Pieris rapae,1,imago/adult, ,friflygande,1466420,6585770,2025-09-12,2025-09-12,,
127304809,Rovfjäril,Pieris rapae,1, , ,födosökande,1540585,6370797,2025-08-07,2025-08-07,,
126883127,Rovfjäril,Pieris rapae,1, , , ,1305070,6301896,2025-07-24,2025-07-24,,
125294060,Rovfjäril,Pieris rapae,1, , ,friflygande,1541305,6257256,2025-05-12,2025-05-12,,
128058821,Rovfjäril,Pieris rapae,2, , , ,1347224,6225459,2025-08-29,2025-08-29,,
124510955,Rovfjäril,Pieris rapae,1, , ,friflygande,1307446,6218533,2025-04-27,2025-04-27,,
127315244,Rovfjäril,Pieris rapae,noterad, , , ,1525581,6416206,2025-08-08,2025-08-08,,
127157285,Rovfjäril,Pieris rapae,noterad,imago/adult, , ,1626927,6599336,2025-08-03,2025-08-03,,
127947463,Rovfjäril,Pieris rapae,noterad, , , ,1325681,6167535,2025-08-28,2025-08-28,,
126795088,Rovfjäril,Pieris rapae,1, , ,friflygande,1527603,6406297,2025-07-20,2025-07-20,,
126690829,Rovfjäril,Pieris rapae,4, , ,födosökande,1249670,6470260,2025-07-15,2025-07-15,,
127359745,Rovfjäril,Pieris rapae,1, , , ,1628957,6568153,2025-08-09,2025-08-09,,
128511378,Rovfjäril,Pieris rapae,noterad, , , ,1677287,6616725,2025-09-16,2025-09-16,,
127366903,Rovfjäril,Pieris rapae,1, , ,friflygande,1434617,6468559,2025-07-31,2025-07-31,,
127712349,Rovfjäril,Pieris rapae,noterad, , , ,1482933,6488602,2025-07-28,2025-07-28,,
129336910,Rovfjäril,Pieris rapae,1, , ,friflygande,1536553,6266342,2025-09-19,2025-09-19,,
126953083,Rovfjäril,Pieris rapae,noterad, , ,friflygande,1373717,6457505,2025-07-27,2025-07-27,,
124622461,Rovfjäril,Pieris rapae,1, , ,friflygande,1293379,6465513,2025-05-01,2025-05-01,,
127263324,Rovfjäril,Pieris rapae,1,imago/adult, ,friflygande,1541635,6610571,2025-08-04,2025-08-04,,
126715760,Rovfjäril,Pieris rapae,1,,,,1233478,6533504,2025-07-17,2025-07-17,,
127195815,Rovfjäril,Pieris rapae,noterad,larv/nymf, , ,1435981,6283603,2025-08-05,2025-08-05,,
126895752,Rovfjäril,Pieris rapae,4, , ,födosökande,1372826,6271644,2025-07-24,2025-07-24,,
127796637,Rovfjäril,Pieris rapae,noterad, , , ,1668866,6420392,2025-08-25,2025-08-25,,
126030242,Rovfjäril,Pieris rapae,1, , ,friflygande,1642077,6568388,2025-06-15,2025-06-15,,
127109518,Rovfjäril,Pieris rapae,noterad, , , ,1458207,6472954,2025-08-02,2025-08-02,,
126818303,Rovfjäril,Pieris rapae,noterad,imago/adult, ,friflygande,1524777,6496526,2025-07-21,2025-07-21,,
128534465,Rovfjäril,Pieris rapae,1, , ,friflygande,1708090,7381830,2025-09-17,2025-09-17,,
125427047,Rovfjäril,Pieris rapae,noterad, , , ,1546650,6276735,2025-05-26,2025-05-26,,
127804631,Rovfjäril,Pieris rapae,1,imago/adult, ,födosökande,1533216,6497600,2025-08-25,2025-08-25,,
126345431,Rovfjäril,Pieris rapae,1,imago/adult, , ,1272006,6432622,2025-07-01,2025-07-01,,
135805527,Rovfjäril,Pieris rapae,noterad, , , ,1353418,6141793,2025-07-25,2025-07-30,,
127035738,Rovfjäril,Pieris rapae,1,imago/adult, ,födosökande,1366780,6429020,2025-07-28,2025-07-28,,
126361303,Rovfjäril,Pieris rapae,1, , , ,1389115,6140846,2025-07-02,2025-07-02,,
128886639,Rovfjäril,Pieris rapae,1,imago/adult, ,friflygande,1409050,6410660,2025-09-27,2025-09-27,,
127173258,Rovfjäril,Pieris rapae,1,imago/adult, ,födosökande,1289899,6467022,2025-08-03,2025-08-03,,
128721373,Rovfjäril,Pieris rapae,1,imago/adult, , ,1542904,6241495,2025-09-26,2025-09-26,,
128319856,Rovfjäril,Pieris rapae,noterad, , , ,1375717,6150657,2025-09-06,2025-09-06,,
126722704,Rovfjäril,Pieris rapae,1,imago/adult, ,födosökande,1313399,6377961,2025-07-17,2025-07-17,,
127838259,Rovfjäril,Pieris rapae,noterad, , ,födosökande,1464697,6571930,2025-08-26,2025-08-26,,
124395758,Rovfjäril,Pieris rapae,1,imago/adult, ,friflygande,1336431,6178067,2025-04-24,2025-04-24,"I lövgläntoa i södra delen av trädgården. +10 grader, halvklart, måttlig sydostvind. ",
126723016,Rovfjäril,Pieris rapae,noterad,imago/adult, ,friflygande,1510738,6496002,2025-07-17,2025-07-17,,Sjöstrand
129939404,Rovfjäril,Pieris rapae,1, , , ,1329687,6187135,2025-07-17,2025-07-17,,
127126908,Rovfjäril,Pieris rapae,1, , , ,1652798,6590388,2025-08-03,2025-08-03,,
126634329,Rovfjäril,Pieris rapae,1,imago/adult, ,friflygande,1648838,6638120,2025-07-13,2025-07-13,,
127342257,Rovfjäril,Pieris rapae,1, , , ,1257084,6404817,2025-08-09,2025-08-09,,
126820930,Rovfjäril,Pieris rapae,1,imago/adult, ,friflygande,1364656,6261104,2025-07-19,2025-07-19,Uteplatsen,
126774322,Rovfjäril,Pieris rapae,3,imago/adult, ,födosökande,1597105,6645638,2025-07-18,2025-07-18,,
127642959,Rovfjäril,Pieris rapae,2,imago/adult, , ,1509440,6491944,2025-08-17,2025-08-17,,
128123929,Rovfjäril,Pieris rapae,1,imago/adult, ,friflygande,1323031,6281362,2025-08-31,2025-08-31,,
128732396,Rovfjäril,Pieris rapae,1,imago/adult, , ,1502445,6216419,2025-09-27,2025-09-27,,
127254217,Rovfjäril,Pieris rapae,2, , , ,1635536,6573908,2025-08-05,2025-08-05,,
127172165,Rovfjäril,Pieris rapae,1, , ,födosökande,1321665,6166974,2025-07-26,2025-07-26,,
127786367,Rovfjäril,Pieris rapae,3,imago/adult, ,friflygande,1546171,6246655,2025-08-24,2025-08-24,,
127450809,Rovfjäril,Pieris rapae,2,imago/adult, , ,1270171,6402725,2025-08-13,2025-08-13,,
126858233,Rovfjäril,Pieris rapae,1,imago/adult,,,1304216,6225062,2025-07-16,2025-07-16,,
124363997,Rovfjäril,Pieris rapae,1, , , ,1320313,6288844,2025-04-23,2025-04-23,,
127623392,Rovfjäril,Pieris rapae,1,imago/adult, ,födosökande,1600798,6637016,2025-08-14,2025-08-14,På syrenbuddleja.,
126590216,Rovfjäril,Pieris rapae,noterad, , , ,1381194,6180466,2025-07-09,2025-07-09,,
130696963,Rovfjäril,Pieris rapae,1, , , ,1390022,6282456,2025-07-18,2025-07-18,,
129639551,Rovfjäril,Pieris rapae,4,imago/adult,,friflygande,1666797,6576893,2025-07-18,2025-07-18,"temperatur - 23 °C, molnighet - klart, vindstyrka - 3 (små kvistar rör sig), vindriktning - ost, % solsken - 100 %",
125284656,Rovfjäril,Pieris rapae,noterad,,,,1277000,6414156,2025-05-18,2025-05-18,,
126567970,Rovfjäril,Pieris rapae,1,imago/adult, ,friflygande,1459811,6434992,2025-07-10,2025-07-10,,
127406369,Rovfjäril,Pieris rapae,noterad,imago/adult, ,födosökande,1308227,6303460,2025-08-11,2025-08-11,,Fd stenbrott gräsmark
127479339,Rovfjäril,Pieris rapae,2,imago/adult, ,friflygande,1462623,6574782,2025-08-14,2025-08-14,,
126828911,Rovfjäril,Pieris rapae,noterad, , , ,1268636,6419617,2025-07-22,2025-07-22,,
123728536,Rovfjäril,Pieris rapae,1,imago/adult, ,friflygande,1649287,6394235,2025-04-03,2025-04-03,,
128772423,Rovfjäril,Pieris rapae,noterad,imago/adult, , ,1306633,6293779,2025-09-27,2025-09-27,,
127781880,Rovfjäril,Pieris rapae,3, , ,friflygande,1320215,6399362,2025-08-24,2025-08-24,,
126916755,Rovfjäril,Pieris rapae,2,imago/adult, , ,1260777,6439756,2025-07-25,2025-07-25,,
126663146,Rovfjäril,Pieris rapae,2,imago/adult, ,födosökande,1387676,6466557,2025-07-14,2025-07-14,,
126567433,Rovfjäril,Pieris rapae,2, , ,friflygande,1274611,6468041,2025-07-10,2025-07-10,,
127840379,Rovfjäril,Pieris rapae,4,,,parning/parningsceremonier,1615210,6521967,2025-08-26,2025-08-26,,
126659433,Rovfjäril,Pieris rapae,2,imago/adult, ,födosökande,1644481,6382821,2025-07-14,2025-07-14,,
124622776,Rovfjäril,Pieris rapae,2,imago/adult, ,friflygande,1323143,6279527,2025-05-01,2025-05-01,,
126635763,Rovfjäril,Pieris rapae,noterad, , , ,1645272,6329267,2025-07-13,2025-07-13,,
124809105,Rovfjäril,Pieris rapae,noterad,imago/adult, ,friflygande,1311170,6294880,2025-05-06,2025-05-06,,
127378219,Rovfjäril,Pieris rapae,1,imago/adult, ,födosökande,1523803,6619352,2025-08-10,2025-08-10,,
129209315,Rovfjäril,Pieris rapae,10, , , ,1372591,6232491,2025-09-07,2025-09-07,,
128526549,Rovfjäril,Pieris rapae,noterad,imago/adult, ,friflygande,1325887,6167209,2025-09-18,2025-09-18,,
126863442,Rovfjäril,Pieris rapae,1,imago/adult, ,födosökande,1601481,6527911,2025-07-23,2025-07-23,,
127397604,Rovfjäril,Pieris rapae,4,,,,1355927,6162871,2025-07-25,2025-07-25,,
126316224,Rovfjäril,Pieris rapae,2,imago/adult, , ,1316659,6158375,2025-06-30,2025-06-30,,
126576412,Rovfjäril,Pieris rapae,1, , ,friflygande,1355063,6172898,2025-07-10,2025-07-10,,
125258051,Rovfjäril,Pieris rapae,1,imago/adult,hona,friflygande,1268220,6402543,2025-05-20,2025-05-20,,
127122858,Rovfjäril,Pieris rapae,1, , , ,1386558,6586491,2025-08-03,2025-08-03,,
126883523,Rovfjäril,Pieris rapae,2, , , ,1262297,6443356,2025-07-24,2025-07-24,,
126656692,Rovfjäril,Pieris rapae,noterad, , , ,1477520,6354630,2025-07-14,2025-07-14,"Trädgård, odlingar",
128082836,Rovfjäril,Pieris rapae,4,imago/adult, ,friflygande,1385145,6306150,2025-08-30,2025-08-30,,
127133288,Rovfjäril,Pieris rapae,1,imago/adult,,friflygande,1535492,6437245,2025-07-28,2025-07-28,,
128682985,Rovfjäril,Pieris rapae,1,imago/adult, ,födosökande,1670410,6576632,2025-09-24,2025-09-24,,
126627846,Rovfjäril,Pieris rapae,1,imago/adult,hane,födosökande,1547713,6454074,2025-07-13,2025-07-13,,
125551350,Rovfjäril,Pieris rapae,1,imago/adult, ,födosökande,1634500,6568430,2025-04-25,2025-04-25,,
126719127,Rovfjäril,Pieris rapae,1, , ,friflygande,1386859,6301205,2025-07-17,2025-07-17,,
131526591,Rovfjäril,Pieris rapae,2, , , ,1352987,6167473,2025-07-19,2025-07-19,,
126018574,Rovfjäril,Pieris rapae,1,imago/adult, ,friflygande,1309423,6212778,2025-05-13,2025-05-13,,
125427017,Rovfjäril,Pieris rapae,1,imago/adult, ,vilande,1498889,6546632,2025-05-26,2025-05-26,,
126796778,Rovfjäril,Pieris rapae,1,imago/adult, ,friflygande,1676870,6370720,2025-07-20,2025-07-20,,
128930099,Rovfjäril,Pieris rapae,2,imago/adult, ,friflygande,1338944,6178255,2025-09-11,2025-09-11,,
131743253,Rovfjäril,Pieris rapae,noterad, , , ,1710690,7090288,2025-06-09,2025-06-09,,
127366240,Rovfjäril,Pieris rapae,noterad,,,,1498756,6722520,2025-08-10,2025-08-10,,
124014894,Rovfjäril,Pieris rapae,1, , , ,1266921,6406333,2025-04-12,2025-04-12,,
127455084,Rovfjäril,Pieris rapae,1,imago/adult, ,friflygande,1350142,6139958,2025-08-13,2025-08-13,,
126779189,Rovfjäril,Pieris rapae,2,,,,1608562,6639842,2025-07-19,2025-07-19,,
128759411,Rovfjäril,Pieris rapae,1,imago/adult, , ,1316359,6158815,2025-09-28,2025-09-28,,
126968507,Rovfjäril,Pieris rapae,1,imago/adult, , ,1294755,6480522,2025-07-26,2025-07-26,På kungsmynta,
126740266,Rovfjäril,Pieris rapae,noterad,imago/adult, ,födosökande,1544480,6448707,2025-07-18,2025-07-18,,
126367173,Rovfjäril,Pieris rapae,noterad,,,,1394892,6140506,2025-07-02,2025-07-02,,
127394764,Rovfjäril,Pieris rapae,1,imago/adult, , ,1454689,6241485,2025-08-10,2025-08-10,"Medv. i Alf Henriksson Bårabygd fjärilsinv. Fjärilen fångad, kollad, släppt.",
126412934,Rovfjäril,Pieris rapae,1,imago/adult, ,födosökande,1499960,6442750,2025-07-04,2025-07-04,Födosökande på blodnäva.,
127105859,Rovfjäril,Pieris rapae,2, , ,friflygande,1738625,7192604,2025-07-31,2025-07-31,,
127175165,Rovfjäril,Pieris rapae,1,imago/adult, ,födosökande,1635981,6686669,2025-08-05,2025-08-05,,
127378590,Rovfjäril,Pieris rapae,1,imago/adult, ,födosökande,1543924,6420806,2025-08-09,2025-08-09,,
127687213,Rovfjäril,Pieris rapae,2,imago/adult, ,födosökande,1401089,6277330,2025-08-19,2025-08-19,"slåtteräng med sensommarslåtter (i år slaget 13 augusti) och efterbete av rödkullor, några delområden med många ängsväddblommor lämnade för senare hävd, fjärilar på dessa",
126869966,Rovfjäril,Pieris rapae,1, , ,friflygande,1308226,6398945,2025-07-23,2025-07-23,,
126868759,Rovfjäril,Pieris rapae,2,imago/adult, ,födosökande,1592300,6563090,2025-07-23,2025-07-23,,
127695037,Rovfjäril,Pieris rapae,1,imago/adult, ,friflygande,1524007,6619213,2025-08-10,2025-08-10,,
126091969,Rovfjäril,Pieris rapae,1,imago/adult, ,friflygande,1851052,7449147,2025-06-20,2025-06-20,,
126717875,Rovfjäril,Pieris rapae,1, , , ,1493527,6466373,2025-07-17,2025-07-17,,
126216132,Rovfjäril,Pieris rapae,1,imago/adult, ,friflygande,1696695,7109967,2025-06-14,2025-06-14,,
126656122,Rovfjäril,Pieris rapae,1,imago/adult, ,födosökande,1290344,6317083,2025-07-14,2025-07-14,,
127421267,Rovfjäril,Pieris rapae,2, , ,födosökande,1242183,6494027,2025-08-12,2025-08-12,,
126781688,Rovfjäril,Pieris rapae,1,imago/adult, ,födosökande,1652520,6333950,2025-07-20,2025-07-20,,
127369114,Rovfjäril,Pieris rapae,noterad,imago/adult, , ,1436853,6294094,2025-07-02,2025-07-02,,
126121434,Rovfjäril,Pieris rapae,1,imago/adult, , ,1621375,6641820,2025-06-21,2025-06-21,,
124459328,Rovfjäril,Pieris rapae,1, , , ,1279714,6402785,2025-04-26,2025-04-26,,
125239086,Rovfjäril,Pieris rapae,1,imago/adult, ,friflygande,1437753,6305569,2025-05-19,2025-05-19,,
127842971,Rovfjäril,Pieris rapae,5,imago/adult, , ,1618787,6726521,2025-08-26,2025-08-26,,
127329169,Rovfjäril,Pieris rapae,1, , , ,1717088,7086311,2025-08-08,2025-08-08,,
127403660,Rovfjäril,Pieris rapae,1,imago/adult, ,friflygande,1763585,7258155,2025-08-11,2025-08-11,,
128255214,Rovfjäril,Pieris rapae,noterad,,,,1313768,6144658,2025-09-06,2025-09-06,,
126816659,Rovfjäril,Pieris rapae,noterad, , , ,1306801,6326544,2025-07-21,2025-07-21,,
124781241,Rovfjäril,Pieris rapae,4, , , ,1537102,6255206,2025-05-05,2025-05-05,,
126877685,Rovfjäril,Pieris rapae,1, , ,friflygande,1702656,7063074,2025-07-24,2025-07-24,,
126715093,Rovfjäril,Pieris rapae,noterad,imago/adult, ,friflygande,1417359,6411810,2025-07-17,2025-07-17,,
127366260,Rovfjäril,Pieris rapae,1, , , ,1344296,6492243,2025-08-10,2025-08-10,,
127025896,Rovfjäril,Pieris rapae,1,imago/adult,,friflygande,1398021,6548970,2025-07-30,2025-07-30,,
127182763,Rovfjäril,Pieris rapae,2,imago/adult,,,1602817,6684053,2025-08-05,2025-08-05,,
128187725,Rovfjäril,Pieris rapae,1, , , ,1396320,6182477,2025-09-03,2025-09-03,,
127130961,Rovfjäril,Pieris rapae,2,imago/adult,,friflygande,1606052,6649852,2025-08-03,2025-08-03,,
127039152,Rovfjäril,Pieris rapae,4, , ,friflygande,1286400,6508258,2025-07-30,2025-07-30,,
124067433,Rovfjäril,Pieris rapae,1, , ,friflygande,1485260,6482444,2025-04-13,2025-04-13,,
126855380,Rovfjäril,Pieris rapae,1,imago/adult, ,födosökande,1329481,6274408,2025-07-23,2025-07-23,,
127053343,Rovfjäril,Pieris rapae,3,imago/adult, ,födosökande,1324430,6152400,2025-07-31,2025-07-31,,
126793070,Rovfjäril,Pieris rapae,1,imago/adult, , ,1614805,6592844,2025-07-20,2025-07-20,,
124741045,Rovfjäril,Pieris rapae,2,imago/adult, , ,1565392,6318720,2025-05-03,2025-05-03,,
126942063,Rovfjäril,Pieris rapae,1,imago/adult, ,friflygande,1268087,6401602,2025-07-26,2025-07-26,,
126944436,Rovfjäril,Pieris rapae,1,imago/adult, ,friflygande,1269705,6412930,2025-07-26,2025-07-26,,
126918152,Rovfjäril,Pieris rapae,1,imago/adult, ,födosökande,1265745,6399382,2025-07-24,2025-07-24,Den besökte vår blommande syrenbuddleja i vår trädgård på Västes gata 23.,
124396081,Rovfjäril,Pieris rapae,1,imago/adult, ,friflygande,1260680,6405380,2025-04-23,2025-04-23,Den besökte några jordhögar intll en av de gamla landningsbanorna på flygfältet.,
128091717,Rovfjäril,Pieris rapae,1,imago/adult, ,friflygande,1262628,6397803,2025-08-29,2025-08-29,,
126919456,Rovfjäril,Pieris rapae,1,imago/adult, ,födosökande,1265745,6399382,2025-07-25,2025-07-25,Den besökte vår blommande syrenbuddleja i vår trädgård på Västes gata 23.,
128694012,Rovfjäril,Pieris rapae,1,imago/adult, ,friflygande,1272448,6412068,2025-09-24,2025-09-24,,
127308428,Rovfjäril,Pieris rapae,1,imago/adult, ,födosökande,1284870,6339000,2025-08-07,2025-08-07,Den besökte blomplanteringar nära Naturum.,
127358381,Rovfjäril,Pieris rapae,1,imago/adult, ,friflygande,1267424,6396875,2025-08-09,2025-08-09,,
129734502,Rovfjäril,Pieris rapae,noterad,imago/adult, ,äggläggande,1435792,6464359,2025-08-20,2025-08-20,,
129734719,Rovfjäril,Pieris rapae,noterad,imago/adult, ,friflygande,1280912,6380309,2025-09-04,2025-09-04,,
129732396,Rovfjäril,Pieris rapae,noterad,imago/adult, ,friflygande,1437228,6471105,2025-07-06,2025-07-06,,
129556767,Rovfjäril,Pieris rapae,1,,,,1628309,6578425,2025-07-25,2025-07-25,,
129774796,Rovfjäril,Pieris rapae,2,,,,1462901,6556331,2025-08-06,2025-08-06,,
129556862,Rovfjäril,Pieris rapae,1,,,,1644218,6597223,2025-07-22,2025-07-22,,
129774670,Rovfjäril,Pieris rapae,1,,,,1608183,6612114,2025-08-12,2025-08-12,,
129558418,Rovfjäril,Pieris rapae,2,,,,1608092,6612323,2025-05-20,2025-05-20,,
129558566,Rovfjäril,Pieris rapae,3, , , ,1603976,6634600,2025-11-06,2025-11-06,,
129558122,Rovfjäril,Pieris rapae,2,,,,1573811,6612885,2025-05-29,2025-05-29,,
129556255,Rovfjäril,Pieris rapae,4,,,,1571335,6612553,2025-08-13,2025-08-13,,
129775208,Rovfjäril,Pieris rapae,1,,,,1619448,6574369,2025-07-24,2025-07-24,,
129779914,Rovfjäril,Pieris rapae,2,,,,1608749,6614165,2025-08-12,2025-08-12,,
129556833,Rovfjäril,Pieris rapae,1,,,,1627271,6577734,2025-07-24,2025-07-24,,
129775058,Rovfjäril,Pieris rapae,1,,,,1464951,6572464,2025-07-27,2025-07-27,,
129556885,Rovfjäril,Pieris rapae,1,,,,1641223,6598015,2025-07-22,2025-07-22,,
129775054,Rovfjäril,Pieris rapae,2,,,,1464985,6572554,2025-07-27,2025-07-27,,
129556362,Rovfjäril,Pieris rapae,1,,,,1608286,6612324,2025-08-12,2025-08-12,,
129558614,Rovfjäril,Pieris rapae,2,,,,1464990,6572424,2025-08-18,2025-08-18,,
129556219,Rovfjäril,Pieris rapae,5,,,,1641223,6598015,2025-08-14,2025-08-14,,
129774566,Rovfjäril,Pieris rapae,1,,,,1641118,6597938,2025-08-14,2025-08-14,,
129774968,Rovfjäril,Pieris rapae,1,,,,1604023,6634636,2025-07-30,2025-07-30,,
129558632,Rovfjäril,Pieris rapae,1,,,,1462510,6573019,2025-08-17,2025-08-17,,
129556737,Rovfjäril,Pieris rapae,2,,,,1463145,6573175,2025-07-27,2025-07-27,,
129774678,Rovfjäril,Pieris rapae,1,,,,1608118,6612048,2025-08-12,2025-08-12,,
129556419,Rovfjäril,Pieris rapae,1,,,,1467099,6572392,2025-08-06,2025-08-06,,
129558529,Rovfjäril,Pieris rapae,2,,,,1603734,6634664,2025-05-15,2025-05-15,,
129556517,Rovfjäril,Pieris rapae,16,,,,1602470,6636707,2025-08-04,2025-08-04,,
129774455,Rovfjäril,Pieris rapae,1,,,,1467553,6576857,2025-08-17,2025-08-17,,
129556876,Rovfjäril,Pieris rapae,4,,,,1640020,6599712,2025-07-22,2025-07-22,,
129556278,Rovfjäril,Pieris rapae,5,,,,1571475,6613408,2025-08-13,2025-08-13,,
129556695,Rovfjäril,Pieris rapae,3,,,,1462510,6573019,2025-07-27,2025-07-27,,
129774381,Rovfjäril,Pieris rapae,1,,,,1463575,6570420,2025-08-18,2025-08-18,,
129558673,Rovfjäril,Pieris rapae,1,,,,1463145,6573175,2025-08-17,2025-08-17,,
129556943,Rovfjäril,Pieris rapae,2,,,,1571475,6613408,2025-07-21,2025-07-21,,
129775292,Rovfjäril,Pieris rapae,1,,,,1571352,6612646,2025-07-21,2025-07-21,,
129558443,Rovfjäril,Pieris rapae,5,,,,1627271,6577734,2025-05-19,2025-05-19,,
129558545,Rovfjäril,Pieris rapae,1,,,,1604245,6634550,2025-05-13,2025-05-13,,
129556681,Rovfjäril,Pieris rapae,4,,,,1464990,6572424,2025-07-27,2025-07-27,,
129556242,Rovfjäril,Pieris rapae,1,,,,1573811,6612885,2025-08-13,2025-08-13,,
129558723,Rovfjäril,Pieris rapae,6,,,,1640020,6599712,2025-08-14,2025-08-14,,
129774912,Rovfjäril,Pieris rapae,2,,,,1629928,6584156,2025-08-04,2025-08-04,,
129558343,Rovfjäril,Pieris rapae,2,,,,1640020,6599712,2025-05-25,2025-05-25,,
129558598,Rovfjäril,Pieris rapae,4,,,,1464026,6570317,2025-08-18,2025-08-18,,
129774985,Rovfjäril,Pieris rapae,1,,,,1604190,6634550,2025-07-30,2025-07-30,,
129556581,Rovfjäril,Pieris rapae,3,,,,1603734,6634664,2025-07-30,2025-07-30,,
129556317,Rovfjäril,Pieris rapae,3,,,,1608102,6612095,2025-08-12,2025-08-12,,
129556620,Rovfjäril,Pieris rapae,30,,,,1604245,6634550,2025-07-30,2025-07-30,,
129556798,Rovfjäril,Pieris rapae,1,,,,1626362,6579508,2025-07-25,2025-07-25,,
129556917,Rovfjäril,Pieris rapae,1,,,,1571335,6612553,2025-07-21,2025-07-21,,
129774777,Rovfjäril,Pieris rapae,1,,,,1461949,6556240,2025-08-06,2025-08-06,,
129774655,Rovfjäril,Pieris rapae,1,,,,1608188,6612168,2025-08-12,2025-08-12,,
129558477,Rovfjäril,Pieris rapae,1,,,,1628309,6578425,2025-05-16,2025-05-16,,
128477410,Rovfjäril,Pieris rapae,2, , ,friflygande,1667698,6357527,2025-09-12,2025-09-12,,
127630755,Rovfjäril,Pieris rapae,1, , ,friflygande,1268858,6402358,2025-08-16,2025-08-16,,
127483300,Rovfjäril,Pieris rapae,noterad, , ,friflygande,1260373,6404817,2025-08-14,2025-08-14,,
126942771,Rovfjäril,Pieris rapae,2, , ,friflygande,1260373,6404817,2025-07-26,2025-07-26,,
127084844,Rovfjäril,Pieris rapae,1,imago/adult, ,födosökande,1538274,6487986,2025-07-31,2025-07-31,,
127639777,Rovfjäril,Pieris rapae,4,imago/adult, ,födosökande,1517000,6497483,2025-08-17,2025-08-17,,
127082572,Rovfjäril,Pieris rapae,1,imago/adult, ,vilande,1517046,6497458,2025-07-31,2025-07-31,,
127084705,Rovfjäril,Pieris rapae,1,imago/adult, ,födosökande,1538186,6488025,2025-07-31,2025-07-31,,
126394656,Rovfjäril,Pieris rapae,2,imago/adult, ,friflygande,1537182,6488204,2025-05-29,2025-05-29,,
127446712,Rovfjäril,Pieris rapae,2,imago/adult, ,friflygande,1517000,6497483,2025-08-13,2025-08-13,,
126657146,Rovfjäril,Pieris rapae,noterad, , , ,1337960,6180614,2025-07-14,2025-07-14,,
127031026,Rovfjäril,Pieris rapae,noterad, , , ,1374600,6211450,2025-07-30,2025-07-30,,
126674566,Rovfjäril,Pieris rapae,noterad, , , ,1345141,6173313,2025-07-15,2025-07-15,,
126673940,Rovfjäril,Pieris rapae,noterad,imago/adult, ,friflygande,1346312,6173050,2025-07-15,2025-07-15,,
125738752,Rovfjäril,Pieris rapae,1, , , ,1623110,6594018,2025-06-04,2025-06-04,,
125738647,Rovfjäril,Pieris rapae,1, , , ,1624175,6589507,2025-06-04,2025-06-04,,
125131681,Rovfjäril,Pieris rapae,12, , ,friflygande,1619565,6594036,2025-05-13,2025-05-13,,
125530367,Rovfjäril,Pieris rapae,noterad,,,,1617878,6600821,2025-05-27,2025-05-27,1,
125528976,Rovfjäril,Pieris rapae,noterad,,,,1621550,6600897,2025-05-27,2025-05-27,1,
125736288,Rovfjäril,Pieris rapae,1, , , ,1620429,6598404,2025-06-03,2025-06-03,,
125736762,Rovfjäril,Pieris rapae,1, , , ,1619226,6596245,2025-06-03,2025-06-03,,
125532122,Rovfjäril,Pieris rapae,noterad,,,,1614678,6602900,2025-05-29,2025-05-29,2,
125131730,Rovfjäril,Pieris rapae,3, , ,friflygande,1618779,6593020,2025-05-13,2025-05-13,,
125736551,Rovfjäril,Pieris rapae,1, , , ,1620138,6595963,2025-06-03,2025-06-03,,
125736443,Rovfjäril,Pieris rapae,2, , , ,1619910,6596999,2025-06-03,2025-06-03,,
125736653,Rovfjäril,Pieris rapae,1, , , ,1618341,6597058,2025-06-03,2025-06-03,,
125528971,Rovfjäril,Pieris rapae,noterad,,,,1621550,6600897,2025-05-27,2025-05-27,1,
125531625,Rovfjäril,Pieris rapae,noterad,,,,1617447,6601898,2025-05-29,2025-05-29,2,
126819133,Rovfjäril,Pieris rapae,1, , ,födosökande,1455474,6604318,2025-07-21,2025-07-21,,
127375637,Rovfjäril,Pieris rapae,noterad,imago/adult, ,friflygande,1646737,6661085,2025-08-10,2025-08-10,,
126820872,Rovfjäril,Pieris rapae,3,imago/adult,,friflygande,1616929,6528516,2025-07-20,2025-07-20,Medobs även Annikki Welin. Besökte blommande lavendel.,"Trädgård, tomtmark"
127200093,Rovfjäril,Pieris rapae,5,imago/adult, ,födosökande,1604650,6617550,2025-08-02,2025-08-02,,
126895228,Rovfjäril,Pieris rapae,1,imago/adult, ,födosökande,1604650,6617550,2025-07-22,2025-07-22,,
126341407,Rovfjäril,Pieris rapae,1,imago/adult,,friflygande,1269428,6405480,2025-07-01,2025-07-01,,
127453800,Rovfjäril,Pieris rapae,1,imago/adult,,friflygande,1606359,6634062,2025-08-07,2025-08-07,,
126811566,Rovfjäril,Pieris rapae,1,imago/adult,,friflygande,1268919,6405301,2025-07-21,2025-07-21,,
126932725,Rovfjäril,Pieris rapae,1,imago/adult,,friflygande,1268919,6405301,2025-07-26,2025-07-26,,
128609722,Rovfjäril,Pieris rapae,1, , , ,1551780,6853960,2025-09-19,2025-09-19,,
124698288,Rovfjäril,Pieris rapae,1, , , ,1624130,6576780,2025-05-03,2025-05-03,,
125042965,Rovfjäril,Pieris rapae,1, , , ,1624130,6576780,2025-05-13,2025-05-13,,
128499930,Rovfjäril,Pieris rapae,1, , , ,1633300,6542900,2025-09-16,2025-09-16,,
124089786,Rovfjäril,Pieris rapae,2, ,hane, ,1531580,6439180,2025-04-12,2025-04-12,,
125035208,Rovfjäril,Pieris rapae,1, , , ,1633300,6542900,2025-05-12,2025-05-12,,
124667690,Rovfjäril,Pieris rapae,2, ,hane, ,1624130,6576780,2025-05-02,2025-05-02,,
126838958,Rovfjäril,Pieris rapae,3, , , ,1621700,6548300,2025-07-22,2025-07-22,,
127045888,Rovfjäril,Pieris rapae,noterad, , , ,1402536,6541912,2025-07-30,2025-07-30,,
126798616,Rovfjäril,Pieris rapae,2, , , ,1398500,6143735,2025-07-19,2025-07-19,,
127361927,Rovfjäril,Pieris rapae,1, , , ,1398500,6143735,2025-08-05,2025-08-05,,
127026537,Rovfjäril,Pieris rapae,1, , , ,1398500,6143735,2025-07-29,2025-07-29,,
126327844,Rovfjäril,Pieris rapae,1, , , ,1398500,6143735,2025-06-30,2025-06-30,,
127846541,Rovfjäril,Pieris rapae,4, , , ,1398500,6143735,2025-08-26,2025-08-26,,
126257951,Rovfjäril,Pieris rapae,1, , , ,1398500,6143735,2025-06-27,2025-06-27,,
128471072,Rovfjäril,Pieris rapae,1, , , ,1398500,6143735,2025-08-31,2025-08-31,,
126084528,Rovfjäril,Pieris rapae,1, , , ,1398500,6143735,2025-06-19,2025-06-19,,
126997400,Rovfjäril,Pieris rapae,1, , , ,1398500,6143735,2025-07-28,2025-07-28,,
127034236,Rovfjäril,Pieris rapae,1,imago/adult, , ,1305842,6298432,2025-07-30,2025-07-30,,
127313203,Rovfjäril,Pieris rapae,10, , , ,1633150,6578643,2025-08-08,2025-08-08,,
127393027,Rovfjäril,Pieris rapae,2,imago/adult, ,födosökande,1624410,6574800,2025-08-11,2025-08-11,,
126601752,Rovfjäril,Pieris rapae,1,imago/adult, ,friflygande,1624410,6574800,2025-07-12,2025-07-12,,
126316405,Rovfjäril,Pieris rapae,1,imago/adult, ,friflygande,1624410,6574800,2025-06-30,2025-06-30,Mycket sliten,
127424095,Rovfjäril,Pieris rapae,2,imago/adult, ,födosökande,1624410,6574800,2025-08-12,2025-08-12,,
126687098,Rovfjäril,Pieris rapae,6,imago/adult, ,friflygande,1456010,6571600,2025-07-15,2025-07-15,,
126443982,Rovfjäril,Pieris rapae,1, , ,födosökande,1398001,6177503,2025-07-01,2025-07-01,,
128229513,Rovfjäril,Pieris rapae,1, , ,friflygande,1397299,6177398,2025-09-03,2025-09-03,,
127848252,Rovfjäril,Pieris rapae,1, , ,friflygande,1334095,6176646,2025-08-18,2025-08-18,,
128459845,Rovfjäril,Pieris rapae,1, , ,födosökande,1334095,6176646,2025-09-13,2025-09-13,,
128113734,Rovfjäril,Pieris rapae,1, , ,friflygande,1354693,6175949,2025-08-31,2025-08-31,,
126577219,Rovfjäril,Pieris rapae,noterad, , ,friflygande,1347832,6154327,2025-07-10,2025-07-10,,
127848628,Rovfjäril,Pieris rapae,1, , ,friflygande,1338281,6176042,2025-08-20,2025-08-20,,
126578168,Rovfjäril,Pieris rapae,noterad, , ,friflygande,1349579,6142239,2025-07-10,2025-07-10,,
128229724,Rovfjäril,Pieris rapae,1, , ,födosökande,1397299,6177398,2025-09-04,2025-09-04,,
126876486,Rovfjäril,Pieris rapae,1, , ,födosökande,1348129,6223793,2025-07-20,2025-07-20,,
126595822,Rovfjäril,Pieris rapae,1,imago/adult, , ,1351590,6180290,2025-07-10,2025-07-10,,
127627653,Rovfjäril,Pieris rapae,1,imago/adult, , ,1334511,6181284,2025-08-16,2025-08-16,,
127353522,Rovfjäril,Pieris rapae,1,imago/adult, , ,1347621,6210221,2025-08-09,2025-08-09,,
127030607,Rovfjäril,Pieris rapae,1,imago/adult, ,friflygande,1608163,6625497,2025-07-30,2025-07-30,,
127158844,Rovfjäril,Pieris rapae,2,imago/adult, ,födosökande,1608163,6625497,2025-08-04,2025-08-04,,
126975505,Rovfjäril,Pieris rapae,2, , , ,1610894,6627056,2025-07-27,2025-07-27,,
126962114,Rovfjäril,Pieris rapae,noterad, , ,födosökande,1374627,6228647,2025-07-27,2025-07-27,Med obs Lisbeth Nilsson,
126861626,Rovfjäril,Pieris rapae,1, , ,födosökande,1374627,6228647,2025-07-23,2025-07-23,,
126766164,Rovfjäril,Pieris rapae,noterad, , , ,1275598,6398092,2025-07-18,2025-07-18,,
131863666,Rovfjäril,Pieris rapae,noterad, , , ,1259500,6394550,2025-07-24,2025-07-24,,
126888223,Rovfjäril,Pieris rapae,noterad, , , ,1275598,6398092,2025-07-20,2025-07-20,,
126907132,Rovfjäril,Pieris rapae,noterad, , , ,1259500,6394550,2025-07-25,2025-07-25,,
128182772,Rovfjäril,Pieris rapae,1, , ,födosökande,1628510,6565762,2025-09-03,2025-09-03,,
126782151,Rovfjäril,Pieris rapae,noterad, , ,födosökande,1630376,6566793,2025-07-20,2025-07-20,,
127029585,Rovfjäril,Pieris rapae,1, , ,födosökande,1631156,6569158,2025-07-30,2025-07-30,,
128484045,Rovfjäril,Pieris rapae,1, , ,födosökande,1629794,6568931,2025-09-16,2025-09-16,,
127153367,Rovfjäril,Pieris rapae,1, , ,födosökande,1630376,6566793,2025-08-04,2025-08-04,,
127204257,Rovfjäril,Pieris rapae,noterad, , ,födosökande,1630376,6566793,2025-08-05,2025-08-05,,
127425608,Rovfjäril,Pieris rapae,1,imago/adult, ,födosökande,1524190,6622320,2025-08-12,2025-08-12,,Trädgård
128216830,Rovfjäril,Pieris rapae,1,imago/adult, ,friflygande,1524190,6622320,2025-09-04,2025-09-04,,Trädgård
126850610,Rovfjäril,Pieris rapae,1,imago/adult, ,friflygande,1524190,6622320,2025-07-17,2025-07-17,,Trädgård
127006131,Rovfjäril,Pieris rapae,1,imago/adult, ,friflygande,1524190,6622320,2025-07-28,2025-07-28,,Trädgård
127132146,Rovfjäril,Pieris rapae,2,imago/adult, ,friflygande,1527062,6622103,2025-08-03,2025-08-03,,"Blommande vägkanter, bryn"
127157538,Rovfjäril,Pieris rapae,1,imago/adult, ,födosökande,1524190,6622320,2025-08-04,2025-08-04,Jätteverbena.,Trädgård
127132314,Rovfjäril,Pieris rapae,1,imago/adult, ,friflygande,1527222,6622506,2025-08-03,2025-08-03,,"Grusväg, blomrika kanter"
128225944,Rovfjäril,Pieris rapae,noterad, , , ,1359264,6204518,2025-08-28,2025-08-28,,
128226104,Rovfjäril,Pieris rapae,noterad, , , ,1359264,6204518,2025-08-29,2025-08-29,,
126655886,Rovfjäril,Pieris rapae,1,imago/adult, ,friflygande,1544735,6245881,2025-07-14,2025-07-14,,
128675455,Rovfjäril,Pieris rapae,1,imago/adult, ,friflygande,1538089,6247920,2025-09-24,2025-09-24,,
124528976,Rovfjäril,Pieris rapae,2,imago/adult, ,friflygande,1326041,6293370,2025-04-28,2025-04-28,,
127352797,Rovfjäril,Pieris rapae,1,imago/adult, ,födosökande,1324832,6288219,2025-08-09,2025-08-09,,
127106277,Rovfjäril,Pieris rapae,1,imago/adult, , ,1678036,6373533,2025-08-02,2025-08-02,,
128652479,Rovfjäril,Pieris rapae,1,imago/adult, , ,1678036,6373533,2025-07-21,2025-07-21,,
125667171,Rovfjäril,Pieris rapae,4, , ,friflygande,1627598,6567230,2025-06-03,2025-06-03,,
125608777,Rovfjäril,Pieris rapae,2,imago/adult, ,friflygande,1629429,6568329,2025-06-01,2025-06-01,,
127355509,Rovfjäril,Pieris rapae,noterad, , ,födosökande,1472859,6485197,2025-08-09,2025-08-09,,
127766405,Rovfjäril,Pieris rapae,1,imago/adult, ,friflygande,1332931,6556810,2025-08-23,2025-08-23,,
127777273,Rovfjäril,Pieris rapae,1,imago/adult, ,friflygande,1269580,6402240,2025-08-23,2025-08-23,Den höll till vid Fågeldammen.,
127383710,Rovfjäril,Pieris rapae,noterad, , ,friflygande,1646711,6660749,2025-08-10,2025-08-10,,
129732352,Rovfjäril,Pieris rapae,noterad,imago/adult, ,friflygande,1448613,6462896,2025-07-06,2025-07-06,,
126809653,Rovfjäril,Pieris rapae,3, , , ,1534071,6496395,2025-07-21,2025-07-21,,
127825054,Rovfjäril,Pieris rapae,noterad,imago/adult, ,friflygande,1345662,6667187,2025-08-25,2025-08-25,,
127321721,Rovfjäril,Pieris rapae,1, , , ,1613784,6638314,2025-08-08,2025-08-08,,
129556461,Rovfjäril,Pieris rapae,1,,,,1462950,6556305,2025-08-06,2025-08-06,,
126929571,Rovfjäril,Pieris rapae,1,,,,1654647,6647807,2025-07-26,2025-07-26,,
127671853,Rovfjäril,Pieris rapae,noterad,larv/nymf,,,1324850,6294690,2025-08-18,2025-08-18,,
127404574,Rovfjäril,Pieris rapae,noterad,larv/nymf, ,födosökande,1541727,6524229,2025-08-11,2025-08-11,På indiankrasse Tropaeolum majus.,
126639544,Rovfjäril,Pieris rapae,2,imago/adult, , ,1318180,6158843,2025-07-13,2025-07-13,,
126874334,Rovfjäril,Pieris rapae,1, , ,friflygande,1277374,6413738,2025-07-23,2025-07-23,,
128937522,Rovfjäril,Pieris rapae,1,imago/adult, , ,1320453,6190331,2025-08-31,2025-08-31,,
127132537,Rovfjäril,Pieris rapae,noterad, , , ,1491943,6323811,2025-08-03,2025-08-03,,
127007198,Rovfjäril,Pieris rapae,3, , ,födosökande,1620373,6594862,2025-07-26,2025-07-26,,
126902751,Rovfjäril,Pieris rapae,noterad,imago/adult, ,födosökande,1271618,6458826,2025-07-25,2025-07-25,,
122365237,Rovfjäril,Pieris rapae,noterad,imago/adult,,frispringande/krypande,1602350,6632650,2025-01-29,2025-01-29,Inomhus,
127374265,Rovfjäril,Pieris rapae,1,imago/adult,hona,födosökande,1568565,6516680,2025-08-10,2025-08-10,,
126394591,Rovfjäril,Pieris rapae,2,imago/adult, ,friflygande,1537126,6487982,2025-05-29,2025-05-29,,
127170842,Rovfjäril,Pieris rapae,1,imago/adult, ,friflygande,1379670,6156908,2025-08-05,2025-08-05,,
125530814,Rovfjäril,Pieris rapae,noterad,,,,1617691,6601824,2025-05-29,2025-05-29,1,
128419899,Rovfjäril,Pieris rapae,1,imago/adult, ,födosökande,1455964,6604336,2025-09-13,2025-09-13,,
127826322,Rovfjäril,Pieris rapae,1, , ,friflygande,1472670,7058082,2025-08-26,2025-08-26,,
125485119,Rovfjäril,Pieris rapae,5,imago/adult, ,friflygande,1619391,6605026,2025-05-27,2025-05-27,,
131623756,Rovfjäril,Pieris rapae,2,imago/adult,,friflygande,1516012,6251881,2025-09-25,2025-09-25,,Vägslänt
126957040,Rovfjäril,Pieris rapae,2,imago/adult, ,friflygande,1380136,6481700,2025-07-27,2025-07-27,,
127000453,Rovfjäril,Pieris rapae,1,imago/adult, ,friflygande,1604650,6617550,2025-07-28,2025-07-28,,
128250988,Rovfjäril,Pieris rapae,1,imago/adult,,vilande,1269374,6407094,2025-09-06,2025-09-06,,
130657199,Rovfjäril,Pieris rapae,2, , , ,1397583,6409278,2025-08-10,2025-08-10,,
128234153,Rovfjäril,Pieris rapae,1, , , ,1633300,6542900,2025-09-05,2025-09-05,,
127074907,Rovfjäril,Pieris rapae,noterad, , , ,1543618,6276080,2025-08-01,2025-08-01,,
127108820,Rovfjäril,Pieris rapae,noterad, , , ,1359508,6588366,2025-08-02,2025-08-02,,
127086838,Rovfjäril,Pieris rapae,2,imago/adult, ,friflygande,1545353,6452537,2025-07-30,2025-07-30,,
127649448,Rovfjäril,Pieris rapae,3, , , ,1398500,6143735,2025-08-17,2025-08-17,,
126697956,Rovfjäril,Pieris rapae,noterad,imago/adult, , ,1606693,6635165,2025-07-15,2025-07-15,,
128944154,Rovfjäril,Pieris rapae,1,imago/adult,,,1429979,6655588,2025-07-18,2025-07-18,(Inom uppdrag från länsstyrelsen i Örebro län med inventering av dagfjärilar),
127150995,Rovfjäril,Pieris rapae,3,imago/adult,,,1444535,6323178,2025-08-04,2025-08-04,,
126713125,Rovfjäril,Pieris rapae,1, ,hona,födosökande,1521110,6520650,2025-07-17,2025-07-17,,
126747042,Rovfjäril,Pieris rapae,noterad,imago/adult, ,friflygande,1523285,6493030,2025-07-18,2025-07-18,,Kraftledningsgata
127661507,Rovfjäril,Pieris rapae,1,imago/adult, ,födosökande,1475420,6594980,2025-08-18,2025-08-18,Tomten,
125446688,Rovfjäril,Pieris rapae,5,,,,1637238,6572636,2025-05-27,2025-05-27,,
127274080,Rovfjäril,Pieris rapae,1,imago/adult, ,födosökande,1624410,6574800,2025-08-06,2025-08-06,,
126993987,Rovfjäril,Pieris rapae,1,imago/adult, ,friflygande,1478319,6535343,2025-07-28,2025-07-28,,
127348725,Rovfjäril,Pieris rapae,1,imago/adult,hona,födosökande,1624094,7035583,2025-08-09,2025-08-09,,
124699299,Rovfjäril,Pieris rapae,1,imago/adult, , ,1554647,6418902,2025-05-03,2025-05-03,,
124674013,Rovfjäril,Pieris rapae,1,imago/adult, ,vilande,1532411,6287147,2025-05-02,2025-05-02,,
126961516,Rovfjäril,Pieris rapae,12,imago/adult, ,födosökande,1540683,6239269,2025-07-17,2025-07-17,,
128888659,Rovfjäril,Pieris rapae,1, , ,friflygande,1313988,6144560,2025-10-03,2025-10-03,,
127029850,Rovfjäril,Pieris rapae,10,imago/adult, , ,1545689,6431846,2025-07-30,2025-07-30,,
126840237,Rovfjäril,Pieris rapae,1,imago/adult, , ,1233297,6550242,2025-07-17,2025-07-17,,
128728525,Rovfjäril,Pieris rapae,noterad,,,,1576798,6558573,2025-09-24,2025-09-24,,
126816846,Rovfjäril,Pieris rapae,2,imago/adult, ,friflygande,1254080,6409070,2025-07-21,2025-07-21,,
127300118,Rovfjäril,Pieris rapae,3,imago/adult, ,födosökande,1605047,6622537,2025-08-07,2025-08-07,,
128394040,Rovfjäril,Pieris rapae,noterad,imago/adult, ,födosökande,1316346,6158823,2025-09-12,2025-09-12,"Vid parkering, inärheten av fotbollsplanen",
128348385,Rovfjäril,Pieris rapae,1, , ,friflygande,1313560,6144505,2025-09-06,2025-09-06,,
127315310,Rovfjäril,Pieris rapae,3,imago/adult, , ,1671527,6656926,2025-08-06,2025-08-06,,
126817344,Rovfjäril,Pieris rapae,2,imago/adult, ,friflygande,1508542,6598057,2025-07-19,2025-07-19,,
127421265,Rovfjäril,Pieris rapae,1,imago/adult, ,födosökande,1374627,6228678,2025-08-12,2025-08-12,På  vår budleja,
127145939,Rovfjäril,Pieris rapae,noterad, , , ,1275598,6398092,2025-08-03,2025-08-03,,
126823242,Rovfjäril,Pieris rapae,5,imago/adult, , ,1304280,6362550,2025-07-21,2025-07-21,,
126742903,Rovfjäril,Pieris rapae,2, , ,friflygande,1287800,6408222,2025-07-17,2025-07-17,,
126886293,Rovfjäril,Pieris rapae,1, , , ,1272241,6395083,2025-07-24,2025-07-24,,
126723686,Rovfjäril,Pieris rapae,1, , ,friflygande,1531242,6529564,2025-07-17,2025-07-17,,
128452102,Rovfjäril,Pieris rapae,1, , ,födosökande,1629796,6568915,2025-09-14,2025-09-14,,
126410874,Rovfjäril,Pieris rapae,3, , , ,1295224,6377382,2025-07-03,2025-07-03,,
128453903,Rovfjäril,Pieris rapae,noterad,,,,1602824,6684016,2025-09-14,2025-09-14,,
128195614,Rovfjäril,Pieris rapae,1,imago/adult, ,födosökande,1524190,6622320,2025-09-03,2025-09-03,Jätteverbena.,Trädgård
126674733,Rovfjäril,Pieris rapae,1, , , ,1368208,6212630,2025-07-14,2025-07-14,,
124528817,Rovfjäril,Pieris rapae,1,imago/adult,,friflygande,1322694,6165883,2025-04-28,2025-04-28,,
128281800,Rovfjäril,Pieris rapae,1,imago/adult, , ,1345845,6182687,2025-09-07,2025-09-07,,
128226458,Rovfjäril,Pieris rapae,noterad, , , ,1359264,6204518,2025-07-14,2025-07-14,,
130527803,Rovfjäril,Pieris rapae,noterad, , , ,1302535,6438091,2025-12-25,2025-12-25,Vaknade inomhus. ,
127039192,Rovfjäril,Pieris rapae,3,imago/adult, ,födosökande,1615301,6703465,2025-07-30,2025-07-30,,
125882315,Rovfjäril,Pieris rapae,1,imago/adult, ,friflygande,1544735,6245881,2025-06-11,2025-06-11,,
128167561,Rovfjäril,Pieris rapae,1,imago/adult, ,födosökande,1322545,6289791,2025-09-02,2025-09-02,,
126732965,Rovfjäril,Pieris rapae,1,imago/adult, , ,1678036,6373533,2025-07-16,2025-07-16,,
125742443,Rovfjäril,Pieris rapae,4,imago/adult, ,friflygande,1608237,6552269,2025-06-05,2025-06-05,,
125621417,Rovfjäril,Pieris rapae,1, , ,friflygande,1554676,6412536,2025-05-31,2025-05-31,,
127058133,Rovfjäril,Pieris rapae,1,imago/adult, ,födosökande,1291562,6318813,2025-07-31,2025-07-31,,
127028313,Rovfjäril,Pieris rapae,2,imago/adult, ,födosökande,1472859,6485197,2025-07-30,2025-07-30,,
132735633,Rovfjäril,Pieris rapae,1,,,,1401989,6505118,2025-06-25,2025-08-06,,
130134707,Rovfjäril,Pieris rapae,1,,,friflygande,1364788,6592632,2025-06-13,2025-06-13,,
125616668,Rovfjäril,Pieris rapae,2, , ,friflygande,1468844,6570868,2025-06-01,2025-06-01,,
132733075,Rovfjäril,Pieris rapae,6,,,,1402266,6507526,2025-06-25,2025-08-06,,
132734396,Rovfjäril,Pieris rapae,3,,,,1403458,6507102,2025-06-25,2025-08-06,,
132040168,Rovfjäril,Pieris rapae,1,,,,1224692,6540264,2025-07-20,2025-07-20,,
132040190,Rovfjäril,Pieris rapae,3,,,,1223177,6540281,2025-07-20,2025-07-20,,
132733731,Rovfjäril,Pieris rapae,2,,,,1403761,6507644,2025-06-25,2025-08-06,,
127421535,Rovfjäril,Pieris rapae,1,imago/adult, ,födosökande,1468868,6571730,2025-08-12,2025-08-12,,
127421407,Rovfjäril,Pieris rapae,1,imago/adult, ,födosökande,1468976,6571539,2025-08-12,2025-08-12,,